,Z_1,Z_2,Z_3,Z_4,Z_5,Z_6,Z_7,Z_8,Z_9,Z_10,Z_11,Z_12,Z_13,Z_14,Z_15,Z_16,Z_17,Z_18,Z_19,Z_20,Z_21,Z_22,Z_23,Z_24,Z_25,Z_26,Z_27,Z_28,Z_29,Z_30,Z_31,Z_32
0,-5.2640837e-05,-2.1004753e-11,3.107032e-05,2.8171755e-06,3.3255653e-06,3.8221515e-10,-6.8528e-05,4.8325566e-11,0.0012514659,-5.42146e-12,6.265921e-11,-8.994584e-06,-0.0018387124,-1.6296324e-12,1.24467315e-05,0.0007569329,5.740075e-12,-2.275807e-11,-3.6653444e-05,1.9146589e-11,2.0011314e-05,1.0798473e-11,-3.403504e-11,1.7818125e-05,0.0001735883,-4.196841e-05,6.1660925e-05,-3.2969183e-12,4.719375e-12,-7.672128e-06,-3.4304823e-05,5.9504324e-05
1,-5.2640837e-05,-2.1030733e-11,3.107032e-05,2.8190655e-06,3.3255658e-06,3.8130565e-10,-6.8528e-05,4.832157e-11,0.0012514659,-5.4144944e-12,6.337597e-11,-8.994584e-06,-0.0018387124,-1.6297661e-12,1.2446742e-05,0.0007569329,5.59075e-12,-2.2763798e-11,-3.6653444e-05,1.9146464e-11,2.0011314e-05,1.09539045e-11,-3.4029526e-11,1.7818134e-05,0.0001735883,-4.196841e-05,6.1660256e-05,-3.1832315e-12,2.5013039e-12,-7.67213e-06,-3.4304823e-05,5.9504324e-05
2,-5.2640837e-05,-2.1171953e-11,3.1070325e-05,2.8195946e-06,3.3255658e-06,3.7539394e-10,-6.8528e-05,4.8294924e-11,0.0012514659,-5.491426e-12,7.9878326e-11,-8.994584e-06,-0.0018387124,-1.6307483e-12,1.2446951e-05,0.0007569329,4.4434456e-12,-2.2612922e-11,-3.6653444e-05,1.9145501e-11,2.0011312e-05,1.2512658e-11,-3.3981023e-11,1.7818207e-05,0.0001735883,-4.196841e-05,6.1655446e-05,-2.046363e-12,3.1701681e-12,-7.672141e-06,-3.4304823e-05,5.950432e-05
3,-5.2640837e-05,-2.105316e-11,3.1070325e-05,2.819639e-06,3.3255658e-06,3.8039616e-10,-6.8528e-05,4.8317572e-11,0.0012514659,-5.423263e-12,6.574119e-11,-8.994584e-06,-0.0018387124,-1.6299219e-12,1.2446769e-05,0.0007569329,5.431211e-12,-2.2745444e-11,-3.6653444e-05,1.9146323e-11,2.0011312e-05,1.1187051e-11,-3.402274e-11,1.7818145e-05,0.0001735883,-4.196841e-05,6.165954e-05,-3.0695446e-12,2.1571425e-12,-7.672132e-06,-3.4304823e-05,5.9504324e-05
4,-5.2640837e-05,-2.1000757e-11,3.107032e-05,2.8168745e-06,3.3255653e-06,3.8244252e-10,-6.8528e-05,4.8326232e-11,0.0012514659,-5.4226723e-12,6.2565064e-11,-8.994584e-06,-0.0018387124,-1.6296126e-12,1.2446731e-05,0.0007569329,5.760059e-12,-2.2756741e-11,-3.6653444e-05,1.9146606e-11,2.0011314e-05,1.0775381e-11,-3.403582e-11,1.7818124e-05,0.0001735883,-4.196841e-05,6.166102e-05,-3.2969183e-12,5.083516e-12,-7.672128e-06,-3.4304823e-05,5.9504324e-05
5,-5.2640837e-05,-2.099676e-11,3.107032e-05,2.816533e-06,3.3255653e-06,3.8244252e-10,-6.8528e-05,4.8326898e-11,0.0012514659,-5.4237574e-12,6.24647e-11,-8.994584e-06,-0.0018387124,-1.6295916e-12,1.2446729e-05,0.0007569329,5.783485e-12,-2.2755794e-11,-3.6653444e-05,1.9146625e-11,2.0011314e-05,1.0753176e-11,-3.4036638e-11,1.7818124e-05,0.0001735883,-4.196841e-05,6.1661114e-05,-3.2969183e-12,5.429786e-12,-7.672127e-06,-3.4304823e-05,5.9504324e-05
6,-5.2640837e-05,-2.1013413e-11,3.107032e-05,2.8179202e-06,3.3255656e-06,3.817604e-10,-6.8528e-05,4.8324234e-11,0.0012514659,-5.419141e-12,6.2876815e-11,-8.994584e-06,-0.0018387124,-1.6296786e-12,1.2446735e-05,0.0007569329,5.689338e-12,-2.2760068e-11,-3.6653444e-05,1.9146549e-11,2.0011314e-05,1.0846879e-11,-3.4033283e-11,1.7818129e-05,0.0001735883,-4.196841e-05,6.166071e-05,-3.2969183e-12,3.966794e-12,-7.672129e-06,-3.4304823e-05,5.9504324e-05
7,-5.2640837e-05,-2.1034507e-11,3.1070325e-05,2.8191198e-06,3.3255658e-06,3.8107828e-10,-6.8528e-05,4.8321125e-11,0.0012514659,-5.4151835e-12,6.370815e-11,-8.994584e-06,-0.0018387124,-1.6297885e-12,1.2446746e-05,0.0007569329,5.5725424e-12,-2.2762132e-11,-3.6653444e-05,1.9146441e-11,2.0011314e-05,1.0997869e-11,-3.402855e-11,1.7818136e-05,0.0001735883,-4.196841e-05,6.1660154e-05,-3.1832315e-12,2.3254107e-12,-7.672131e-06,-3.4304823e-05,5.9504324e-05
8,-5.2640837e-05,-2.1004531e-11,3.107032e-05,2.8171767e-06,3.3255653e-06,3.8221515e-10,-6.8528e-05,4.8325566e-11,0.0012514659,-5.4216224e-12,6.265477e-11,-8.994584e-06,-0.0018387124,-1.6296318e-12,1.24467315e-05,0.0007569329,5.739409e-12,-2.2757837e-11,-3.6653444e-05,1.9146589e-11,2.0011314e-05,1.0796697e-11,-3.403507e-11,1.7818125e-05,0.0001735883,-4.196841e-05,6.166093e-05,-3.2969183e-12,4.7555805e-12,-7.672128e-06,-3.4304823e-05,5.9504324e-05
9,-5.2640837e-05,-2.1002977e-11,3.107032e-05,2.8170175e-06,3.3255653e-06,3.8221515e-10,-6.8528e-05,4.8325788e-11,0.0012514659,-5.4219866e-12,6.2613026e-11,-8.994584e-06,-0.0018387124,-1.6296227e-12,1.24467315e-05,0.0007569329,5.750511e-12,-2.2757626e-11,-3.6653444e-05,1.9146598e-11,2.0011314e-05,1.0788259e-11,-3.4035413e-11,1.7818125e-05,0.0001735883,-4.196841e-05,6.1660976e-05,-3.2969183e-12,4.8872807e-12,-7.672128e-06,-3.4304823e-05,5.9504324e-05
10,-5.2640837e-05,-2.1063595e-11,3.1070325e-05,2.819638e-06,3.3255658e-06,3.799414e-10,-6.8528e-05,4.8315574e-11,0.0012514659,-5.428659e-12,6.6934014e-11,-8.994584e-06,-0.0018387124,-1.6299964e-12,1.2446783e-05,0.0007569329,5.341061e-12,-2.273453e-11,-3.6653444e-05,1.9146254e-11,2.0011312e-05,1.1295853e-11,-3.4019104e-11,1.781815e-05,0.0001735883,-4.196841e-05,6.165915e-05,-2.842171e-12,2.164712e-12,-7.672133e-06,-3.4304823e-05,5.9504324e-05
11,-5.2640837e-05,-2.0998314e-11,3.107032e-05,2.8166576e-06,3.3255653e-06,3.8244252e-10,-6.8528e-05,4.8326454e-11,0.0012514659,-5.423315e-12,6.2501115e-11,-8.994584e-06,-0.0018387124,-1.6295993e-12,1.244673e-05,0.0007569329,5.774936e-12,-2.2756255e-11,-3.6653444e-05,1.9146618e-11,2.0011314e-05,1.0761614e-11,-3.4036326e-11,1.7818124e-05,0.0001735883,-4.196841e-05,6.1661085e-05,-3.2969183e-12,5.2954056e-12,-7.672127e-06,-3.4304823e-05,5.9504324e-05
12,-5.2640837e-05,-2.1044277e-11,3.1070325e-05,2.81963e-06,3.3255658e-06,3.8062353e-10,-6.8528e-05,4.831935e-11,0.0012514659,-5.417757e-12,6.4690475e-11,-8.994584e-06,-0.0018387124,-1.6298612e-12,1.2446754e-05,0.0007569329,5.50493e-12,-2.2755658e-11,-3.6653444e-05,1.9146388e-11,2.0011314e-05,1.1085355e-11,-3.402592e-11,1.781814e-05,0.0001735883,-4.196841e-05,6.1659826e-05,-3.0695446e-12,2.0141328e-12,-7.672131e-06,-3.4304823e-05,5.9504324e-05
13,-5.2640837e-05,-2.1062263e-11,3.1070325e-05,2.8196378e-06,3.3255658e-06,3.799414e-10,-6.8528e-05,4.8315796e-11,0.0012514659,-5.4287018e-12,6.6879835e-11,-8.994584e-06,-0.0018387124,-1.6299862e-12,1.2446783e-05,0.0007569329,5.355494e-12,-2.2735036e-11,-3.6653444e-05,1.9146261e-11,2.0011312e-05,1.12923e-11,-3.4019544e-11,1.7818149e-05,0.0001735883,-4.196841e-05,6.165923e-05,-3.0695446e-12,2.2090203e-12,-7.672133e-06,-3.4304823e-05,5.9504324e-05
14,-5.2640837e-05,-2.1105118e-11,3.1070325e-05,2.8195138e-06,3.3255658e-06,3.7789505e-10,-6.8528e-05,4.830758e-11,0.0012514659,-5.4539966e-12,7.2111206e-11,-8.994584e-06,-0.0018387124,-1.6302818e-12,1.24468515e-05,0.0007569329,5.0107696e-12,-2.2685416e-11,-3.6653444e-05,1.9145959e-11,2.0011312e-05,1.1798562e-11,-3.40047e-11,1.7818173e-05,0.0001735883,-4.196841e-05,6.165777e-05,-2.3874236e-12,2.5579044e-12,-7.672136e-06,-3.4304823e-05,5.9504324e-05
15,-5.2640837e-05,-2.1149527e-11,3.1070325e-05,2.8196196e-06,3.3255658e-06,3.7607606e-10,-6.8528e-05,4.8299365e-11,0.0012514659,-5.479261e-12,7.736034e-11,-8.994584e-06,-0.0018387124,-1.6305928e-12,1.2446918e-05,0.0007569329,4.634515e-12,-2.2637073e-11,-3.6653444e-05,1.9145656e-11,2.0011312e-05,1.22732935e-11,-3.3988944e-11,1.7818196e-05,0.0001735883,-4.196841e-05,6.165625e-05,-2.16005e-12,2.9848008e-12,-7.67214e-06,-3.4304823e-05,5.950432e-05
16,-5.2640837e-05,-2.0998536e-11,3.107032e-05,2.8166842e-06,3.3255653e-06,3.8244252e-10,-6.8528e-05,4.8326454e-11,0.0012514659,-5.423161e-12,6.2510885e-11,-8.994584e-06,-0.0018387124,-1.6296014e-12,1.244673e-05,0.0007569329,5.7733818e-12,-2.275648e-11,-3.6653444e-05,1.9146617e-11,2.0011314e-05,1.07651665e-11,-3.4036246e-11,1.7818124e-05,0.0001735883,-4.196841e-05,6.166108e-05,-3.2969183e-12,5.252898e-12,-7.672127e-06,-3.4304823e-05,5.9504324e-05
17,-5.2640837e-05,-2.128031e-11,3.1070325e-05,2.8193413e-06,3.325566e-06,3.7039172e-10,-6.8528e-05,4.8274273e-11,0.0012514659,-5.55623e-12,9.3117514e-11,-8.994584e-06,-0.0018387124,-1.6314979e-12,1.2447124e-05,0.0007569329,3.5585979e-12,-2.2488691e-11,-3.6653444e-05,1.9144741e-11,2.001131e-05,1.3774315e-11,-3.3943088e-11,1.7818265e-05,0.0001735883,-4.196841e-05,6.165182e-05,-9.094947e-13,4.2062725e-12,-7.67215e-06,-3.4304823e-05,5.950432e-05
18,-5.2640837e-05,-2.0993873e-11,3.107032e-05,2.8162945e-06,3.3255653e-06,3.8244252e-10,-6.8528e-05,4.8327342e-11,0.0012514659,-5.4245428e-12,6.2394534e-11,-8.994584e-06,-0.0018387124,-1.6295767e-12,1.2446728e-05,0.0007569329,5.79925e-12,-2.2755107e-11,-3.6653444e-05,1.9146637e-11,2.0011314e-05,1.0738077e-11,-3.4037197e-11,1.7818122e-05,0.0001735883,-4.196841e-05,6.166119e-05,-3.2969183e-12,5.6817008e-12,-7.672127e-06,-3.4304823e-05,5.9504324e-05
19,-5.2640837e-05,-2.0995428e-11,3.107032e-05,2.8164047e-06,3.3255653e-06,3.8244252e-10,-6.8528e-05,4.832712e-11,0.0012514659,-5.42411e-12,6.2428285e-11,-8.994584e-06,-0.0018387124,-1.6295836e-12,1.2446729e-05,0.0007569329,5.7915894e-12,-2.2755606e-11,-3.6653444e-05,1.914663e-11,2.0011314e-05,1.0745627e-11,-3.403691e-11,1.7818122e-05,0.0001735883,-4.196841e-05,6.166116e-05,-3.2969183e-12,5.554667e-12,-7.672127e-06,-3.4304823e-05,5.9504324e-05
20,-5.2640837e-05,-2.102385e-11,3.107032e-05,2.8187285e-06,3.3255656e-06,3.8130565e-10,-6.8528e-05,4.8322457e-11,0.0012514659,-5.41611e-12,6.313705e-11,-8.994584e-06,-0.0018387124,-1.6297323e-12,1.2446739e-05,0.0007569329,5.6336047e-12,-2.2763007e-11,-3.6653444e-05,1.91465e-11,2.0011314e-05,1.0906831e-11,-3.4031177e-11,1.781813e-05,0.0001735883,-4.196841e-05,6.1660445e-05,-3.1832315e-12,3.0330027e-12,-7.67213e-06,-3.4304823e-05,5.9504324e-05
21,-5.2640837e-05,-2.1000313e-11,3.107032e-05,2.8168183e-06,3.3255653e-06,3.8244252e-10,-6.8528e-05,4.8326232e-11,0.0012514659,-5.4228132e-12,6.254819e-11,-8.994584e-06,-0.0018387124,-1.6296094e-12,1.2446731e-05,0.0007569329,5.764056e-12,-2.27567e-11,-3.6653444e-05,1.914661e-11,2.0011314e-05,1.0772716e-11,-3.4035944e-11,1.7818124e-05,0.0001735883,-4.196841e-05,6.1661034e-05,-3.2969183e-12,5.1313597e-12,-7.672128e-06,-3.4304823e-05,5.9504324e-05
22,-5.2640837e-05,-2.105649e-11,3.1070325e-05,2.819571e-06,3.3255658e-06,3.799414e-10,-6.8528e-05,4.8316906e-11,0.0012514659,-5.425111e-12,6.621459e-11,-8.994584e-06,-0.0018387124,-1.6299451e-12,1.2446774e-05,0.0007569329,5.4077853e-12,-2.2741024e-11,-3.6653444e-05,1.9146299e-11,2.0011312e-05,1.1235457e-11,-3.4021685e-11,1.7818147e-05,0.0001735883,-4.196841e-05,6.16594e-05,-3.0695446e-12,2.1288518e-12,-7.672132e-06,-3.4304823e-05,5.9504324e-05
23,-5.2640837e-05,-2.1152413e-11,3.1070325e-05,2.8195393e-06,3.3255658e-06,3.7607606e-10,-6.8528e-05,4.82987e-11,0.0012514659,-5.4818667e-12,7.7772455e-11,-8.994584e-06,-0.0018387124,-1.630606e-12,1.2446924e-05,0.0007569329,4.6221915e-12,-2.263294e-11,-3.6653444e-05,1.9145635e-11,2.0011312e-05,1.2320811e-11,-3.398814e-11,1.7818198e-05,0.0001735883,-4.196841e-05,6.1656225e-05,-2.16005e-12,3.0996612e-12,-7.67214e-06,-3.4304823e-05,5.950432e-05
24,-5.2640837e-05,-2.0994095e-11,3.107032e-05,2.816304e-06,3.3255653e-06,3.8244252e-10,-6.8528e-05,4.8327342e-11,0.0012514659,-5.424526e-12,6.239809e-11,-8.994584e-06,-0.0018387124,-1.6295771e-12,1.2446728e-05,0.0007569329,5.798473e-12,-2.2755117e-11,-3.6653444e-05,1.9146637e-11,2.0011314e-05,1.0738077e-11,-3.4037172e-11,1.7818122e-05,0.0001735883,-4.196841e-05,6.166119e-05,-3.2969183e-12,5.676573e-12,-7.672127e-06,-3.4304823e-05,5.9504324e-05
25,-5.2640837e-05,-2.0993873e-11,3.107032e-05,2.8162794e-06,3.3255653e-06,3.8244252e-10,-6.8528e-05,4.8327342e-11,0.0012514659,-5.424581e-12,6.239009e-11,-8.994584e-06,-0.0018387124,-1.6295758e-12,1.2446728e-05,0.0007569329,5.800027e-12,-2.2755086e-11,-3.6653444e-05,1.9146637e-11,2.0011314e-05,1.0736301e-11,-3.4037224e-11,1.7818122e-05,0.0001735883,-4.196841e-05,6.1661194e-05,-3.2969183e-12,5.695941e-12,-7.672127e-06,-3.4304823e-05,5.9504324e-05
26,-5.2640837e-05,-2.1168844e-11,3.1070325e-05,2.8195336e-06,3.3255658e-06,3.7539394e-10,-6.8528e-05,4.8295368e-11,0.0012514659,-5.49121e-12,7.96998e-11,-8.994584e-06,-0.0018387124,-1.6307168e-12,1.2446949e-05,0.0007569329,4.4921844e-12,-2.2614265e-11,-3.6653444e-05,1.914552e-11,2.0011312e-05,1.250422e-11,-3.398243e-11,1.7818207e-05,0.0001735883,-4.196841e-05,6.165566e-05,-2.046363e-12,3.381441e-12,-7.672141e-06,-3.4304823e-05,5.950432e-05
27,-5.2640837e-05,-2.1006974e-11,3.107032e-05,2.8173447e-06,3.3255653e-06,3.8221515e-10,-6.8528e-05,4.8325344e-11,0.0012514659,-5.4207407e-12,6.271872e-11,-8.994584e-06,-0.0018387124,-1.6296435e-12,1.2446732e-05,0.0007569329,5.7278626e-12,-2.2758836e-11,-3.6653444e-05,1.9146577e-11,2.0011314e-05,1.0811796e-11,-3.4034553e-11,1.7818127e-05,0.0001735883,-4.196841e-05,6.1660874e-05,-3.2969183e-12,4.508391e-12,-7.672128e-06,-3.4304823e-05,5.9504324e-05
28,-5.2640837e-05,-2.114664e-11,3.1070325e-05,2.8195914e-06,3.3255658e-06,3.7630343e-10,-6.8528e-05,4.829981e-11,0.0012514659,-5.4775763e-12,7.697576e-11,-8.994584e-06,-0.0018387124,-1.6305705e-12,1.2446914e-05,0.0007569329,4.6611603e-12,-2.264007e-11,-3.6653444e-05,1.9145675e-11,2.0011312e-05,1.224576e-11,-3.399004e-11,1.7818194e-05,0.0001735883,-4.196841e-05,6.165634e-05,-2.16005e-12,2.978385e-12,-7.672139e-06,-3.4304823e-05,5.950432e-05
29,-5.2640837e-05,-2.1022517e-11,3.107032e-05,2.8185639e-06,3.3255656e-06,3.8153303e-10,-6.8528e-05,4.83229e-11,0.0012514659,-5.416535e-12,6.309708e-11,-8.994584e-06,-0.0018387124,-1.6297216e-12,1.2446738e-05,0.0007569329,5.6427085e-12,-2.2762774e-11,-3.6653444e-05,1.9146507e-11,2.0011314e-05,1.0897505e-11,-3.4031472e-11,1.781813e-05,0.0001735883,-4.196841e-05,6.1660496e-05,-3.1832315e-12,3.187525e-12,-7.67213e-06,-3.4304823e-05,5.9504324e-05
30,-5.2640837e-05,-2.0993873e-11,3.107032e-05,2.8162804e-06,3.3255653e-06,3.8244252e-10,-6.8528e-05,4.8327342e-11,0.0012514659,-5.424586e-12,6.239098e-11,-8.994584e-06,-0.0018387124,-1.6295758e-12,1.2446728e-05,0.0007569329,5.800027e-12,-2.2755072e-11,-3.6653444e-05,1.9146637e-11,2.0011314e-05,1.0736301e-11,-3.4037228e-11,1.7818122e-05,0.0001735883,-4.196841e-05,6.1661194e-05,-3.2969183e-12,5.696139e-12,-7.672127e-06,-3.4304823e-05,5.9504324e-05
31,-5.2640837e-05,-2.1013191e-11,3.107032e-05,2.8178815e-06,3.3255656e-06,3.817604e-10,-6.8528e-05,4.8324234e-11,0.0012514659,-5.4189765e-12,6.287326e-11,-8.994584e-06,-0.0018387124,-1.6296781e-12,1.2446735e-05,0.0007569329,5.6930016e-12,-2.2760474e-11,-3.6653444e-05,1.9146549e-11,2.0011314e-05,1.0848211e-11,-3.403331e-11,1.7818129e-05,0.0001735883,-4.196841e-05,6.166071e-05,-3.2969183e-12,3.9361145e-12,-7.672129e-06,-3.4304823e-05,5.9504324e-05
32,-5.2640837e-05,-2.0998758e-11,3.107032e-05,2.816693e-06,3.3255653e-06,3.8244252e-10,-6.8528e-05,4.8326454e-11,0.0012514659,-5.4230804e-12,6.2515326e-11,-8.994584e-06,-0.0018387124,-1.6296019e-12,1.244673e-05,0.0007569329,5.7722715e-12,-2.2756609e-11,-3.6653444e-05,1.9146615e-11,2.0011314e-05,1.0766055e-11,-3.40362e-11,1.7818124e-05,0.0001735883,-4.196841e-05,6.166107e-05,-3.2969183e-12,5.2359445e-12,-7.672127e-06,-3.4304823e-05,5.9504324e-05
33,-5.2640837e-05,-2.1002977e-11,3.107032e-05,2.8170368e-06,3.3255653e-06,3.8221515e-10,-6.8528e-05,4.8325788e-11,0.0012514659,-5.4219376e-12,6.2618355e-11,-8.994584e-06,-0.0018387124,-1.6296233e-12,1.24467315e-05,0.0007569329,5.749179e-12,-2.2757636e-11,-3.6653444e-05,1.9146596e-11,2.0011314e-05,1.0788259e-11,-3.4035372e-11,1.7818125e-05,0.0001735883,-4.196841e-05,6.166097e-05,-3.2969183e-12,4.8729467e-12,-7.672128e-06,-3.4304823e-05,5.9504324e-05
34,-5.2640837e-05,-2.1087354e-11,3.1070325e-05,2.819615e-06,3.3255658e-06,3.7880454e-10,-6.8528e-05,4.831091e-11,0.0012514659,-5.443344e-12,6.9834805e-11,-8.994584e-06,-0.0018387124,-1.6301555e-12,1.2446822e-05,0.0007569329,5.1534332e-12,-2.2706892e-11,-3.6653444e-05,1.9146087e-11,2.0011312e-05,1.1575185e-11,-3.4010877e-11,1.7818164e-05,0.0001735883,-4.196841e-05,6.165841e-05,-2.728484e-12,2.4859958e-12,-7.672134e-06,-3.4304823e-05,5.9504324e-05
35,-5.2640837e-05,-2.0993651e-11,3.107032e-05,2.8162672e-06,3.325565e-06,3.8244252e-10,-6.8528e-05,4.8327342e-11,0.0012514659,-5.424642e-12,6.238654e-11,-8.994584e-06,-0.0018387124,-1.6295751e-12,1.2446728e-05,0.0007569329,5.8008043e-12,-2.2755013e-11,-3.6653444e-05,1.914664e-11,2.0011314e-05,1.0736301e-11,-3.4037263e-11,1.7818122e-05,0.0001735883,-4.196841e-05,6.1661194e-05,-3.2969183e-12,5.7124054e-12,-7.672127e-06,-3.4304823e-05,5.9504324e-05
36,-5.2640837e-05,-2.1012081e-11,3.107032e-05,2.8178147e-06,3.3255656e-06,3.8198777e-10,-6.8528e-05,4.8324456e-11,0.0012514659,-5.419369e-12,6.284573e-11,-8.994584e-06,-0.0018387124,-1.629673e-12,1.2446734e-05,0.0007569329,5.6972205e-12,-2.2760044e-11,-3.6653444e-05,1.9146554e-11,2.0011314e-05,1.084155e-11,-3.4033523e-11,1.7818127e-05,0.0001735883,-4.196841e-05,6.1660736e-05,-3.2969183e-12,4.0455053e-12,-7.672129e-06,-3.4304823e-05,5.9504324e-05
37,-5.2640837e-05,-2.1032287e-11,3.107032e-05,2.819304e-06,3.3255658e-06,3.8130565e-10,-6.8528e-05,4.832157e-11,0.0012514659,-5.414081e-12,6.3325345e-11,-8.994584e-06,-0.0018387124,-1.6297708e-12,1.2446741e-05,0.0007569329,5.5885296e-12,-2.2765081e-11,-3.6653444e-05,1.9146464e-11,2.0011314e-05,1.0950352e-11,-3.4029512e-11,1.7818134e-05,0.0001735883,-4.196841e-05,6.166027e-05,-3.1832315e-12,2.4463981e-12,-7.67213e-06,-3.4304823e-05,5.9504324e-05
38,-5.2640837e-05,-2.10032e-11,3.107032e-05,2.8170623e-06,3.3255653e-06,3.8221515e-10,-6.8528e-05,4.8325788e-11,0.0012514659,-5.4218865e-12,6.2623684e-11,-8.994584e-06,-0.0018387124,-1.6296253e-12,1.24467315e-05,0.0007569329,5.7479577e-12,-2.275766e-11,-3.6653444e-05,1.9146596e-11,2.0011314e-05,1.079048e-11,-3.403533e-11,1.7818125e-05,0.0001735883,-4.196841e-05,6.166096e-05,-3.2969183e-12,4.8493683e-12,-7.672128e-06,-3.4304823e-05,5.9504324e-05
39,-5.2640837e-05,-2.100542e-11,3.107032e-05,2.8172833e-06,3.3255653e-06,3.8221515e-10,-6.8528e-05,4.8325344e-11,0.0012514659,-5.421304e-12,6.2685857e-11,-8.994584e-06,-0.0018387124,-1.6296387e-12,1.2446732e-05,0.0007569329,5.7329697e-12,-2.2758035e-11,-3.6653444e-05,1.9146584e-11,2.0011314e-05,1.0803358e-11,-3.4034844e-11,1.7818125e-05,0.0001735883,-4.196841e-05,6.1660896e-05,-3.2969183e-12,4.6442546e-12,-7.672128e-06,-3.4304823e-05,5.9504324e-05
40,-5.2640837e-05,-2.101097e-11,3.107032e-05,2.81769e-06,3.3255653e-06,3.8198777e-10,-6.8528e-05,4.8324678e-11,0.0012514659,-5.4197506e-12,6.281464e-11,-8.994584e-06,-0.0018387124,-1.6296643e-12,1.2446734e-05,0.0007569329,5.704881e-12,-2.2759607e-11,-3.6653444e-05,1.914656e-11,2.0011314e-05,1.0833112e-11,-3.403378e-11,1.7818127e-05,0.0001735883,-4.196841e-05,6.166077e-05,-3.2969183e-12,4.1810236e-12,-7.672129e-06,-3.4304823e-05,5.9504324e-05
41,-5.2640837e-05,-2.1127544e-11,3.1070325e-05,2.8196177e-06,3.3255658e-06,3.7721293e-10,-6.8528e-05,4.830336e-11,0.0012514659,-5.46634e-12,7.46212e-11,-8.994584e-06,-0.0018387124,-1.6304354e-12,1.2446883e-05,0.0007569329,4.819478e-12,-2.2662122e-11,-3.6653444e-05,1.914581e-11,2.0011312e-05,1.2021051e-11,-3.399675e-11,1.7818184e-05,0.0001735883,-4.196841e-05,6.165702e-05,-2.2737368e-12,2.850881e-12,-7.672138e-06,-3.4304823e-05,5.9504324e-05
42,-5.2640837e-05,-2.101852e-11,3.107032e-05,2.8183395e-06,3.3255656e-06,3.8153303e-10,-6.8528e-05,4.8323345e-11,0.0012514659,-5.4175223e-12,6.300738e-11,-8.994584e-06,-0.0018387124,-1.6297074e-12,1.2446737e-05,0.0007569329,5.6622484e-12,-2.2761733e-11,-3.6653444e-05,1.9146525e-11,2.0011314e-05,1.0877965e-11,-3.4032232e-11,1.781813e-05,0.0001735883,-4.196841e-05,6.166057e-05,-3.1832315e-12,3.463803e-12,-7.672129e-06,-3.4304823e-05,5.9504324e-05
43,-5.2640837e-05,-2.0993651e-11,3.107032e-05,2.816271e-06,3.325565e-06,3.8244252e-10,-6.8528e-05,4.8327342e-11,0.0012514659,-5.4246304e-12,6.238832e-11,-8.994584e-06,-0.0018387124,-1.6295752e-12,1.2446728e-05,0.0007569329,5.8006933e-12,-2.275502e-11,-3.6653444e-05,1.914664e-11,2.0011314e-05,1.0736301e-11,-3.4037252e-11,1.7818122e-05,0.0001735883,-4.196841e-05,6.1661194e-05,-3.2969183e-12,5.7091233e-12,-7.672127e-06,-3.4304823e-05,5.9504324e-05
44,-5.2640837e-05,-2.1098456e-11,3.1070325e-05,2.8195823e-06,3.3255658e-06,3.783498e-10,-6.8528e-05,4.8308912e-11,0.0012514659,-5.4496173e-12,7.1190165e-11,-8.994584e-06,-0.0018387124,-1.6302333e-12,1.2446839e-05,0.0007569329,5.0647264e-12,-2.2693913e-11,-3.6653444e-05,1.914601e-11,2.0011312e-05,1.17057475e-11,-3.4007026e-11,1.7818169e-05,0.0001735883,-4.196841e-05,6.1658e-05,-2.6147973e-12,2.5965523e-12,-7.672135e-06,-3.4304823e-05,5.9504324e-05
45,-5.2640837e-05,-2.1013191e-11,3.107032e-05,2.8178472e-06,3.3255656e-06,3.817604e-10,-6.8528e-05,4.8324234e-11,0.0012514659,-5.419022e-12,6.2867045e-11,-8.994584e-06,-0.0018387124,-1.6296749e-12,1.2446735e-05,0.0007569329,5.6935567e-12,-2.2760557e-11,-3.6653444e-05,1.9146549e-11,2.0011314e-05,1.0845991e-11,-3.403332e-11,1.7818129e-05,0.0001735883,-4.196841e-05,6.166073e-05,-3.2969183e-12,3.9719616e-12,-7.672129e-06,-3.4304823e-05,5.9504324e-05
46,-5.2640837e-05,-2.0993873e-11,3.107032e-05,2.8162824e-06,3.3255653e-06,3.8244252e-10,-6.8528e-05,4.8327342e-11,0.0012514659,-5.424582e-12,6.239098e-11,-8.994584e-06,-0.0018387124,-1.629576e-12,1.2446728e-05,0.0007569329,5.800027e-12,-2.2755079e-11,-3.6653444e-05,1.9146637e-11,2.0011314e-05,1.0737189e-11,-3.4037224e-11,1.7818122e-05,0.0001735883,-4.196841e-05,6.1661194e-05,-3.2969183e-12,5.6945065e-12,-7.672127e-06,-3.4304823e-05,5.9504324e-05
47,-5.2640837e-05,-2.105316e-11,3.1070325e-05,2.8196484e-06,3.3255658e-06,3.8039616e-10,-6.8528e-05,4.8317572e-11,0.0012514659,-5.4227183e-12,6.5689676e-11,-8.994584e-06,-0.0018387124,-1.6299243e-12,1.2446768e-05,0.0007569329,5.42677e-12,-2.274627e-11,-3.6653444e-05,1.9146327e-11,2.0011312e-05,1.1177725e-11,-3.402273e-11,1.7818145e-05,0.0001735883,-4.196841e-05,6.165951e-05,-3.0695446e-12,2.079746e-12,-7.672132e-06,-3.4304823e-05,5.9504324e-05
48,-5.2640837e-05,-2.100009e-11,3.107032e-05,2.816802e-06,3.3255653e-06,3.8244252e-10,-6.8528e-05,4.8326232e-11,0.0012514659,-5.42284e-12,6.254375e-11,-8.994584e-06,-0.0018387124,-1.6296087e-12,1.2446731e-05,0.0007569329,5.765499e-12,-2.2756668e-11,-3.6653444e-05,1.914661e-11,2.0011314e-05,1.077094e-11,-3.403599e-11,1.7818124e-05,0.0001735883,-4.196841e-05,6.1661034e-05,-3.2969183e-12,5.139244e-12,-7.672128e-06,-3.4304823e-05,5.9504324e-05
49,-5.2640837e-05,-2.101519e-11,3.107032e-05,2.8180418e-06,3.3255656e-06,3.817604e-10,-6.8528e-05,4.832401e-11,0.0012514659,-5.4182926e-12,6.291767e-11,-8.994584e-06,-0.0018387124,-1.6296879e-12,1.2446735e-05,0.0007569329,5.6827876e-12,-2.276138e-11,-3.6653444e-05,1.914654e-11,2.0011314e-05,1.0858425e-11,-3.403289e-11,1.7818129e-05,0.0001735883,-4.196841e-05,6.166067e-05,-3.2969183e-12,3.744844e-12,-7.672129e-06,-3.4304823e-05,5.9504324e-05
50,-5.2640837e-05,-2.1035618e-11,3.107032e-05,2.8195866e-06,3.3255658e-06,3.808509e-10,-6.8528e-05,4.8320903e-11,0.0012514659,-5.4132293e-12,6.343903e-11,-8.994584e-06,-0.0018387124,-1.6297927e-12,1.2446742e-05,0.0007569329,5.569878e-12,-2.27658e-11,-3.6653444e-05,1.9146445e-11,2.0011314e-05,1.09738885e-11,-3.4028728e-11,1.7818136e-05,0.0001735883,-4.196841e-05,6.1660176e-05,-3.1832315e-12,2.1094073e-12,-7.672131e-06,-3.4304823e-05,5.9504324e-05
51,-5.2640837e-05,-2.0998314e-11,3.107032e-05,2.8166564e-06,3.3255653e-06,3.8244252e-10,-6.8528e-05,4.8326454e-11,0.0012514659,-5.423261e-12,6.250467e-11,-8.994584e-06,-0.0018387124,-1.6295995e-12,1.244673e-05,0.0007569329,5.774936e-12,-2.2756338e-11,-3.6653444e-05,1.9146617e-11,2.0011314e-05,1.0762502e-11,-3.4036312e-11,1.7818124e-05,0.0001735883,-4.196841e-05,6.166108e-05,-3.2969183e-12,5.2849227e-12,-7.672127e-06,-3.4304823e-05,5.9504324e-05
52,-5.2640837e-05,-2.1060043e-11,3.1070325e-05,2.8196312e-06,3.3255658e-06,3.8016879e-10,-6.8528e-05,4.8316018e-11,0.0012514659,-5.426865e-12,6.6557426e-11,-8.994584e-06,-0.0018387124,-1.6299695e-12,1.2446779e-05,0.0007569329,5.377032e-12,-2.273787e-11,-3.6653444e-05,1.9146278e-11,2.0011312e-05,1.12625465e-11,-3.4020464e-11,1.7818149e-05,0.0001735883,-4.196841e-05,6.165929e-05,-3.0695446e-12,2.1690661e-12,-7.672133e-06,-3.4304823e-05,5.9504324e-05
53,-5.2640837e-05,-2.1024071e-11,3.107032e-05,2.8187837e-06,3.3255656e-06,3.8130565e-10,-6.8528e-05,4.8322457e-11,0.0012514659,-5.4161415e-12,6.314238e-11,-8.994584e-06,-0.0018387124,-1.6297348e-12,1.2446739e-05,0.0007569329,5.630163e-12,-2.2762917e-11,-3.6653444e-05,1.91465e-11,2.0011314e-05,1.0907719e-11,-3.403112e-11,1.781813e-05,0.0001735883,-4.196841e-05,6.166044e-05,-3.1832315e-12,3.0259397e-12,-7.67213e-06,-3.4304823e-05,5.9504324e-05
54,-5.2640837e-05,-2.0992985e-11,3.107032e-05,2.8162167e-06,3.325565e-06,3.8244252e-10,-6.8528e-05,4.8327342e-11,0.0012514659,-5.424812e-12,6.237144e-11,-8.994584e-06,-0.0018387124,-1.6295719e-12,1.2446728e-05,0.0007569329,5.804135e-12,-2.2754854e-11,-3.6653444e-05,1.9146641e-11,2.0011314e-05,1.0732748e-11,-3.403738e-11,1.7818122e-05,0.0001735883,-4.196841e-05,6.1661216e-05,-3.524292e-12,5.765944e-12,-7.672127e-06,-3.4304823e-05,5.9504324e-05
55,-5.2640837e-05,-2.1061375e-11,3.1070325e-05,2.8195811e-06,3.3255658e-06,3.799414e-10,-6.8528e-05,4.8315796e-11,0.0012514659,-5.4280877e-12,6.67848e-11,-8.994584e-06,-0.0018387124,-1.6299783e-12,1.2446782e-05,0.0007569329,5.3681504e-12,-2.2735456e-11,-3.6653444e-05,1.9146264e-11,2.0011312e-05,1.1290968e-11,-3.4019974e-11,1.7818149e-05,0.0001735883,-4.196841e-05,6.1659244e-05,-3.0695446e-12,2.2049359e-12,-7.672133e-06,-3.4304823e-05,5.9504324e-05
56,-5.2640837e-05,-2.1001867e-11,3.107032e-05,2.816944e-06,3.3255653e-06,3.8244252e-10,-6.8528e-05,4.8326232e-11,0.0012514659,-5.422325e-12,6.258638e-11,-8.994584e-06,-0.0018387124,-1.6296181e-12,1.2446731e-05,0.0007569329,5.7562843e-12,-2.2757206e-11,-3.6653444e-05,1.9146603e-11,2.0011314e-05,1.0781154e-11,-3.4035642e-11,1.7818125e-05,0.0001735883,-4.196841e-05,6.1661e-05,-3.2969183e-12,4.977991e-12,-7.672128e-06,-3.4304823e-05,5.9504324e-05
57,-5.2640837e-05,-2.1083801e-11,3.1070325e-05,2.8196255e-06,3.3255658e-06,3.7903192e-10,-6.8528e-05,4.83118e-11,0.0012514659,-5.4414836e-12,6.9454664e-11,-8.994584e-06,-0.0018387124,-1.6301327e-12,1.2446817e-05,0.0007569329,5.1807447e-12,-2.2710916e-11,-3.6653444e-05,1.9146112e-11,2.0011312e-05,1.1534329e-11,-3.4012054e-11,1.7818162e-05,0.0001735883,-4.196841e-05,6.165853e-05,-2.728484e-12,2.4456496e-12,-7.672134e-06,-3.4304823e-05,5.9504324e-05
58,-5.2640837e-05,-2.1066704e-11,3.1070325e-05,2.8196364e-06,3.3255658e-06,3.7971404e-10,-6.8528e-05,4.8314908e-11,0.0012514659,-5.431033e-12,6.7343464e-11,-8.994584e-06,-0.0018387124,-1.6300144e-12,1.2446789e-05,0.0007569329,5.321854e-12,-2.2730238e-11,-3.6653444e-05,1.9146231e-11,2.0011312e-05,1.13375975e-11,-3.401805e-11,1.7818153e-05,0.0001735883,-4.196841e-05,6.165908e-05,-2.842171e-12,2.312363e-12,-7.672133e-06,-3.4304823e-05,5.9504324e-05
59,-5.2640837e-05,-2.1011859e-11,3.107032e-05,2.817749e-06,3.3255656e-06,3.8198777e-10,-6.8528e-05,4.8324456e-11,0.0012514659,-5.4194136e-12,6.283418e-11,-8.994584e-06,-0.0018387124,-1.6296682e-12,1.2446734e-05,0.0007569329,5.699885e-12,-2.2760197e-11,-3.6653444e-05,1.9146556e-11,2.0011314e-05,1.0838441e-11,-3.403357e-11,1.7818127e-05,0.0001735883,-4.196841e-05,6.166076e-05,-3.2969183e-12,4.094498e-12,-7.672129e-06,-3.4304823e-05,5.9504324e-05
60,-5.2640837e-05,-2.0998314e-11,3.107032e-05,2.8166698e-06,3.3255653e-06,3.8244252e-10,-6.8528e-05,4.8326454e-11,0.0012514659,-5.4233215e-12,6.250378e-11,-8.994584e-06,-0.0018387124,-1.6296e-12,1.244673e-05,0.0007569329,5.774159e-12,-2.275622e-11,-3.6653444e-05,1.9146617e-11,2.0011314e-05,1.0762502e-11,-3.403631e-11,1.7818124e-05,0.0001735883,-4.196841e-05,6.166108e-05,-3.2969183e-12,5.291551e-12,-7.672127e-06,-3.4304823e-05,5.9504324e-05
61,-5.2640837e-05,-2.0996094e-11,3.107032e-05,2.8164948e-06,3.3255653e-06,3.8244252e-10,-6.8528e-05,4.8326898e-11,0.0012514659,-5.42391e-12,6.2452266e-11,-8.994584e-06,-0.0018387124,-1.629589e-12,1.2446729e-05,0.0007569329,5.7860383e-12,-2.2755645e-11,-3.6653444e-05,1.9146627e-11,2.0011314e-05,1.07500675e-11,-3.4036732e-11,1.7818124e-05,0.0001735883,-4.196841e-05,6.166113e-05,-3.2969183e-12,5.4770693e-12,-7.672127e-06,-3.4304823e-05,5.9504324e-05
62,-5.2640837e-05,-2.0998536e-11,3.107032e-05,2.8166749e-06,3.3255653e-06,3.8244252e-10,-6.8528e-05,4.8326454e-11,0.0012514659,-5.423259e-12,6.2506444e-11,-8.994584e-06,-0.0018387124,-1.6296006e-12,1.244673e-05,0.0007569329,5.774048e-12,-2.2756321e-11,-3.6653444e-05,1.9146617e-11,2.0011314e-05,1.076339e-11,-3.403629e-11,1.7818124e-05,0.0001735883,-4.196841e-05,6.166108e-05,-3.2969183e-12,5.274502e-12,-7.672127e-06,-3.4304823e-05,5.9504324e-05
63,-5.2640837e-05,-2.1000535e-11,3.107032e-05,2.8168363e-06,3.3255653e-06,3.8244252e-10,-6.8528e-05,4.8326232e-11,0.0012514659,-5.4226233e-12,6.255796e-11,-8.994584e-06,-0.0018387124,-1.6296109e-12,1.2446731e-05,0.0007569329,5.7630567e-12,-2.275698e-11,-3.6653444e-05,1.9146608e-11,2.0011314e-05,1.0775381e-11,-3.4035864e-11,1.7818124e-05,0.0001735883,-4.196841e-05,6.166103e-05,-3.2969183e-12,5.0878043e-12,-7.672128e-06,-3.4304823e-05,5.9504324e-05
64,-5.2640837e-05,-2.1107338e-11,3.1070325e-05,2.8196314e-06,3.3255658e-06,3.7812242e-10,-6.8528e-05,4.8307136e-11,0.0012514659,-5.454879e-12,7.22542e-11,-8.994584e-06,-0.0018387124,-1.6302952e-12,1.2446852e-05,0.0007569329,4.987788e-12,-2.2684826e-11,-3.6653444e-05,1.914595e-11,2.0011312e-05,1.1795009e-11,-3.400387e-11,1.7818173e-05,0.0001735883,-4.196841e-05,6.165772e-05,-2.3874236e-12,2.6447256e-12,-7.672136e-06,-3.4304823e-05,5.9504324e-05
65,-5.2640837e-05,-2.143663e-11,3.1070325e-05,2.8189158e-06,3.325566e-06,3.635705e-10,-6.8528e-05,4.824452e-11,0.0012514659,-5.646551e-12,1.12337695e-10,-8.994584e-06,-0.0018387124,-1.6325903e-12,1.2447366e-05,0.00075693295,2.3081537e-12,-2.2308481e-11,-3.6653444e-05,1.9143648e-11,2.0011308e-05,1.5599522e-11,-3.3888885e-11,1.7818349e-05,0.0001735883,-4.196841e-05,6.164634e-05,2.2737368e-13,5.539228e-12,-7.672162e-06,-3.4304823e-05,5.9504317e-05
66,-5.2640837e-05,-2.103806e-11,3.1070325e-05,2.8196234e-06,3.3255658e-06,3.808509e-10,-6.8528e-05,4.832046e-11,0.0012514659,-5.4139757e-12,6.375789e-11,-8.994584e-06,-0.0018387124,-1.6298148e-12,1.2446745e-05,0.0007569329,5.5493388e-12,-2.2763486e-11,-3.6653444e-05,1.914643e-11,2.0011314e-05,1.1004531e-11,-3.4027996e-11,1.7818136e-05,0.0001735883,-4.196841e-05,6.1660045e-05,-3.1832315e-12,2.0015187e-12,-7.672131e-06,-3.4304823e-05,5.9504324e-05
67,-5.2640837e-05,-2.1046498e-11,3.1070325e-05,2.8196282e-06,3.3255658e-06,3.8062353e-10,-6.8528e-05,4.8318904e-11,0.0012514659,-5.419305e-12,6.495249e-11,-8.994584e-06,-0.0018387124,-1.6298755e-12,1.2446758e-05,0.0007569329,5.486833e-12,-2.2753074e-11,-3.6653444e-05,1.914637e-11,2.0011314e-05,1.1112444e-11,-3.402513e-11,1.7818142e-05,0.0001735883,-4.196841e-05,6.165977e-05,-3.0695446e-12,2.0537495e-12,-7.672132e-06,-3.4304823e-05,5.9504324e-05
68,-5.2640837e-05,-2.1089575e-11,3.1070325e-05,2.8196255e-06,3.3255658e-06,3.7880454e-10,-6.8528e-05,4.8310467e-11,0.0012514659,-5.443998e-12,7.0112804e-11,-8.994584e-06,-0.0018387124,-1.630174e-12,1.2446823e-05,0.0007569329,5.1347815e-12,-2.27048e-11,-3.6653444e-05,1.9146075e-11,2.0011312e-05,1.15911725e-11,-3.401011e-11,1.7818164e-05,0.0001735883,-4.196841e-05,6.1658284e-05,-2.728484e-12,2.4828655e-12,-7.672134e-06,-3.4304823e-05,5.9504324e-05
69,-5.2640837e-05,-2.1027846e-11,3.107032e-05,2.8190134e-06,3.3255658e-06,3.8130565e-10,-6.8528e-05,4.8322013e-11,0.0012514659,-5.414921e-12,6.322498e-11,-8.994584e-06,-0.0018387124,-1.6297528e-12,1.244674e-05,0.0007569329,5.6139537e-12,-2.2764436e-11,-3.6653444e-05,1.9146483e-11,2.0011314e-05,1.0926371e-11,-3.403037e-11,1.7818133e-05,0.0001735883,-4.196841e-05,6.166036e-05,-3.1832315e-12,2.699489e-12,-7.67213e-06,-3.4304823e-05,5.9504324e-05
70,-5.2640837e-05,-2.1067592e-11,3.1070325e-05,2.8196134e-06,3.3255658e-06,3.7971404e-10,-6.8528e-05,4.8314908e-11,0.0012514659,-5.4314977e-12,6.7499784e-11,-8.994584e-06,-0.0018387124,-1.6300203e-12,1.2446791e-05,0.0007569329,5.3190785e-12,-2.2728954e-11,-3.6653444e-05,1.9146225e-11,2.0011312e-05,1.1353585e-11,-3.4017872e-11,1.7818153e-05,0.0001735883,-4.196841e-05,6.165905e-05,-2.842171e-12,2.277888e-12,-7.672133e-06,-3.4304823e-05,5.9504324e-05
71,-5.2640837e-05,-2.1068702e-11,3.1070325e-05,2.8196398e-06,3.3255658e-06,3.7948666e-10,-6.8528e-05,4.8314464e-11,0.0012514659,-5.4322293e-12,6.760015e-11,-8.994584e-06,-0.0018387124,-1.6300294e-12,1.2446792e-05,0.0007569329,5.3037574e-12,-2.272792e-11,-3.6653444e-05,1.9146216e-11,2.0011312e-05,1.13620224e-11,-3.401731e-11,1.7818153e-05,0.0001735883,-4.196841e-05,6.1659004e-05,-2.842171e-12,2.3104834e-12,-7.6721335e-06,-3.4304823e-05,5.9504324e-05
72,-5.2640837e-05,-2.1011193e-11,3.107032e-05,2.8176914e-06,3.3255656e-06,3.8198777e-10,-6.8528e-05,4.8324678e-11,0.0012514659,-5.41952e-12,6.281997e-11,-8.994584e-06,-0.0018387124,-1.6296657e-12,1.2446734e-05,0.0007569329,5.705103e-12,-2.2760068e-11,-3.6653444e-05,1.914656e-11,2.0011314e-05,1.08348885e-11,-3.4033717e-11,1.7818127e-05,0.0001735883,-4.196841e-05,6.166077e-05,-3.2969183e-12,4.1257917e-12,-7.672129e-06,-3.4304823e-05,5.9504324e-05
73,-5.2640837e-05,-2.1008528e-11,3.107032e-05,2.8175048e-06,3.3255653e-06,3.8198777e-10,-6.8528e-05,4.83249e-11,0.0012514659,-5.4205854e-12,6.2750694e-11,-8.994584e-06,-0.0018387124,-1.6296526e-12,1.2446733e-05,0.0007569329,5.7179816e-12,-2.2758729e-11,-3.6653444e-05,1.9146571e-11,2.0011314e-05,1.0818901e-11,-3.4034314e-11,1.7818127e-05,0.0001735883,-4.196841e-05,6.166083e-05,-3.2969183e-12,4.413479e-12,-7.672128e-06,-3.4304823e-05,5.9504324e-05
74,-5.2640837e-05,-2.1140423e-11,3.1070325e-05,2.8196368e-06,3.3255658e-06,3.765308e-10,-6.8528e-05,4.830114e-11,0.0012514659,-5.473303e-12,7.619061e-11,-8.994584e-06,-0.0018387124,-1.6305325e-12,1.2446902e-05,0.0007569329,4.7030158e-12,-2.2648165e-11,-3.6653444e-05,1.9145721e-11,2.0011312e-05,1.2160051e-11,-3.3992056e-11,1.781819e-05,0.0001735883,-4.196841e-05,6.1656516e-05,-2.16005e-12,2.8294077e-12,-7.672139e-06,-3.4304823e-05,5.950432e-05
75,-5.2640837e-05,-2.1022517e-11,3.107032e-05,2.8185743e-06,3.3255656e-06,3.8153303e-10,-6.8528e-05,4.83229e-11,0.0012514659,-5.416405e-12,6.309353e-11,-8.994584e-06,-0.0018387124,-1.6297226e-12,1.2446738e-05,0.0007569329,5.6432636e-12,-2.276311e-11,-3.6653444e-05,1.9146507e-11,2.0011314e-05,1.0896617e-11,-3.4031455e-11,1.781813e-05,0.0001735883,-4.196841e-05,6.16605e-05,-3.1832315e-12,3.1616888e-12,-7.67213e-06,-3.4304823e-05,5.9504324e-05
76,-5.2640837e-05,-2.10727e-11,3.1070325e-05,2.8196107e-06,3.3255658e-06,3.7948666e-10,-6.8528e-05,4.8313797e-11,0.0012514659,-5.434606e-12,6.8108186e-11,-8.994584e-06,-0.0018387124,-1.6300544e-12,1.2446799e-05,0.0007569329,5.2781113e-12,-2.2723275e-11,-3.6653444e-05,1.914619e-11,2.0011312e-05,1.1410428e-11,-3.4016102e-11,1.7818154e-05,0.0001735883,-4.196841e-05,6.165889e-05,-2.842171e-12,2.3431942e-12,-7.6721335e-06,-3.4304823e-05,5.9504324e-05
77,-5.2640837e-05,-2.1161295e-11,3.1070325e-05,2.8195868e-06,3.3255658e-06,3.7584869e-10,-6.8528e-05,4.8297144e-11,0.0012514659,-5.485176e-12,7.8733464e-11,-8.994584e-06,-0.0018387124,-1.6306724e-12,1.24469325e-05,0.0007569329,4.545697e-12,-2.2624416e-11,-3.6653444e-05,1.9145581e-11,2.0011312e-05,1.2395418e-11,-3.3985093e-11,1.7818202e-05,0.0001735883,-4.196841e-05,6.165582e-05,-2.046363e-12,3.1038921e-12,-7.67214e-06,-3.4304823e-05,5.950432e-05
78,-5.2640837e-05,-2.110312e-11,3.1070325e-05,2.8195843e-06,3.3255658e-06,3.783498e-10,-6.8528e-05,4.8308024e-11,0.0012514659,-5.4522107e-12,7.173018e-11,-8.994584e-06,-0.0018387124,-1.630264e-12,1.2446845e-05,0.0007569329,5.028311e-12,-2.2688913e-11,-3.6653444e-05,1.9145978e-11,2.0011312e-05,1.1750156e-11,-3.4005396e-11,1.781817e-05,0.0001735883,-4.196841e-05,6.165785e-05,-2.3874236e-12,2.7368463e-12,-7.672135e-06,-3.4304823e-05,5.9504324e-05
79,-5.2640837e-05,-2.101097e-11,3.107032e-05,2.817702e-06,3.3255656e-06,3.8198777e-10,-6.8528e-05,4.8324678e-11,0.0012514659,-5.4197146e-12,6.281642e-11,-8.994584e-06,-0.0018387124,-1.629666e-12,1.2446734e-05,0.0007569329,5.704659e-12,-2.2759655e-11,-3.6653444e-05,1.914656e-11,2.0011314e-05,1.0834e-11,-3.403378e-11,1.7818127e-05,0.0001735883,-4.196841e-05,6.1660765e-05,-3.2969183e-12,4.157761e-12,-7.672129e-06,-3.4304823e-05,5.9504324e-05
80,-5.2640837e-05,-2.10727e-11,3.1070325e-05,2.8196152e-06,3.3255658e-06,3.7948666e-10,-6.8528e-05,4.8313797e-11,0.0012514659,-5.4343956e-12,6.80922e-11,-8.994584e-06,-0.0018387124,-1.6300555e-12,1.2446798e-05,0.0007569329,5.276446e-12,-2.2723358e-11,-3.6653444e-05,1.914619e-11,2.0011312e-05,1.1407764e-11,-3.401607e-11,1.7818154e-05,0.0001735883,-4.196841e-05,6.165887e-05,-2.842171e-12,2.3404247e-12,-7.6721335e-06,-3.4304823e-05,5.9504324e-05
81,-5.2640837e-05,-2.1016078e-11,3.107032e-05,2.818109e-06,3.3255656e-06,3.817604e-10,-6.8528e-05,4.832379e-11,0.0012514659,-5.418194e-12,6.2944316e-11,-8.994584e-06,-0.0018387124,-1.6296925e-12,1.2446736e-05,0.0007569329,5.6767924e-12,-2.2761244e-11,-3.6653444e-05,1.9146537e-11,2.0011314e-05,1.0863754e-11,-3.403273e-11,1.7818129e-05,0.0001735883,-4.196841e-05,6.166064e-05,-3.2969183e-12,3.6900847e-12,-7.672129e-06,-3.4304823e-05,5.9504324e-05
82,-5.2640837e-05,-2.1039392e-11,3.1070325e-05,2.8196162e-06,3.3255658e-06,3.808509e-10,-6.8528e-05,4.8320237e-11,0.0012514659,-5.414509e-12,6.393108e-11,-8.994584e-06,-0.0018387124,-1.6298238e-12,1.2446746e-05,0.0007569329,5.541456e-12,-2.276215e-11,-3.6653444e-05,1.9146422e-11,2.0011314e-05,1.1018297e-11,-3.402761e-11,1.7818136e-05,0.0001735883,-4.196841e-05,6.1659994e-05,-3.1832315e-12,1.998006e-12,-7.672131e-06,-3.4304823e-05,5.9504324e-05
83,-5.2640837e-05,-2.1079138e-11,3.1070325e-05,2.8196084e-06,3.3255658e-06,3.792593e-10,-6.8528e-05,4.8312465e-11,0.0012514659,-5.4376954e-12,6.879031e-11,-8.994584e-06,-0.0018387124,-1.6301014e-12,1.2446807e-05,0.0007569329,5.217826e-12,-2.2716808e-11,-3.6653444e-05,1.9146146e-11,2.0011312e-05,1.1470824e-11,-3.4013733e-11,1.7818158e-05,0.0001735883,-4.196841e-05,6.1658626e-05,-2.842171e-12,2.379156e-12,-7.6721335e-06,-3.4304823e-05,5.9504324e-05
84,-5.2640837e-05,-2.103473e-11,3.107032e-05,2.819426e-06,3.3255658e-06,3.8107828e-10,-6.8528e-05,4.8321125e-11,0.0012514659,-5.413673e-12,6.3437255e-11,-8.994584e-06,-0.0018387124,-1.6297852e-12,1.2446742e-05,0.0007569329,5.569878e-12,-2.2764741e-11,-3.6653444e-05,1.9146448e-11,2.0011314e-05,1.097078e-11,-3.402885e-11,1.7818134e-05,0.0001735883,-4.196841e-05,6.1660176e-05,-3.1832315e-12,2.267654e-12,-7.672131e-06,-3.4304823e-05,5.9504324e-05
85,-5.2640837e-05,-2.1003421e-11,3.107032e-05,2.817057e-06,3.3255653e-06,3.8221515e-10,-6.8528e-05,4.8325788e-11,0.0012514659,-5.421896e-12,6.2623684e-11,-8.994584e-06,-0.0018387124,-1.6296244e-12,1.24467315e-05,0.0007569329,5.7471805e-12,-2.275772e-11,-3.6653444e-05,1.9146594e-11,2.0011314e-05,1.07900355e-11,-3.4035313e-11,1.7818125e-05,0.0001735883,-4.196841e-05,6.166097e-05,-3.2969183e-12,4.860146e-12,-7.672128e-06,-3.4304823e-05,5.9504324e-05
86,-5.2640837e-05,-2.0994095e-11,3.107032e-05,2.8163117e-06,3.3255653e-06,3.8244252e-10,-6.8528e-05,4.8327342e-11,0.0012514659,-5.424491e-12,6.239986e-11,-8.994584e-06,-0.0018387124,-1.6295778e-12,1.2446728e-05,0.0007569329,5.7980287e-12,-2.2755162e-11,-3.6653444e-05,1.9146637e-11,2.0011314e-05,1.0738965e-11,-3.4037155e-11,1.7818122e-05,0.0001735883,-4.196841e-05,6.166119e-05,-3.2969183e-12,5.6649555e-12,-7.672127e-06,-3.4304823e-05,5.9504324e-05
87,-5.2640837e-05,-2.1029178e-11,3.107032e-05,2.8191694e-06,3.3255658e-06,3.8130565e-10,-6.8528e-05,4.832179e-11,0.0012514659,-5.414959e-12,6.328715e-11,-8.994584e-06,-0.0018387124,-1.6297621e-12,1.2446741e-05,0.0007569329,5.6016303e-12,-2.2763864e-11,-3.6653444e-05,1.9146476e-11,2.0011314e-05,1.0937473e-11,-3.4030088e-11,1.7818133e-05,0.0001735883,-4.196841e-05,6.16603e-05,-3.1832315e-12,2.6076537e-12,-7.67213e-06,-3.4304823e-05,5.9504324e-05
88,-5.2640837e-05,-2.1013635e-11,3.107032e-05,2.817897e-06,3.3255656e-06,3.817604e-10,-6.8528e-05,4.8324234e-11,0.0012514659,-5.418958e-12,6.287504e-11,-8.994584e-06,-0.0018387124,-1.6296775e-12,1.2446735e-05,0.0007569329,5.690226e-12,-2.2760606e-11,-3.6653444e-05,1.9146547e-11,2.0011314e-05,1.0847767e-11,-3.4033245e-11,1.7818129e-05,0.0001735883,-4.196841e-05,6.1660714e-05,-3.2969183e-12,3.944777e-12,-7.672129e-06,-3.4304823e-05,5.9504324e-05
89,-5.2640837e-05,-2.0993651e-11,3.107032e-05,2.8162767e-06,3.325565e-06,3.8244252e-10,-6.8528e-05,4.8327342e-11,0.0012514659,-5.4246087e-12,6.2389205e-11,-8.994584e-06,-0.0018387124,-1.6295756e-12,1.2446728e-05,0.0007569329,5.80036e-12,-2.2755037e-11,-3.6653444e-05,1.914664e-11,2.0011314e-05,1.0736301e-11,-3.403724e-11,1.7818122e-05,0.0001735883,-4.196841e-05,6.1661194e-05,-3.2969183e-12,5.702108e-12,-7.672127e-06,-3.4304823e-05,5.9504324e-05
90,-5.2640837e-05,-2.1001867e-11,3.107032e-05,2.8169663e-06,3.3255653e-06,3.8244252e-10,-6.8528e-05,4.8326232e-11,0.0012514659,-5.4222586e-12,6.2593486e-11,-8.994584e-06,-0.0018387124,-1.6296194e-12,1.2446731e-05,0.0007569329,5.75473e-12,-2.2757247e-11,-3.6653444e-05,1.9146601e-11,2.0011314e-05,1.078293e-11,-3.403559e-11,1.7818125e-05,0.0001735883,-4.196841e-05,6.166099e-05,-3.2969183e-12,4.9564823e-12,-7.672128e-06,-3.4304823e-05,5.9504324e-05
91,-5.2640837e-05,-2.1143753e-11,3.1070325e-05,2.819604e-06,3.3255658e-06,3.7630343e-10,-6.8528e-05,4.8300253e-11,0.0012514659,-5.4761863e-12,7.6665785e-11,-8.994584e-06,-0.0018387124,-1.6305486e-12,1.244691e-05,0.0007569329,4.6880277e-12,-2.264337e-11,-3.6653444e-05,1.9145695e-11,2.0011312e-05,1.2212897e-11,-3.3991098e-11,1.7818193e-05,0.0001735883,-4.196841e-05,6.165647e-05,-2.16005e-12,2.973447e-12,-7.672139e-06,-3.4304823e-05,5.950432e-05
92,-5.2640837e-05,-2.1062041e-11,3.1070325e-05,2.8195514e-06,3.3255658e-06,3.799414e-10,-6.8528e-05,4.8315796e-11,0.0012514659,-5.4284975e-12,6.68372e-11,-8.994584e-06,-0.0018387124,-1.6299787e-12,1.2446782e-05,0.0007569329,5.366929e-12,-2.2734845e-11,-3.6653444e-05,1.9146261e-11,2.0011312e-05,1.1296741e-11,-3.4019804e-11,1.7818149e-05,0.0001735883,-4.196841e-05,6.1659244e-05,-3.0695446e-12,2.2901767e-12,-7.672133e-06,-3.4304823e-05,5.9504324e-05
93,-5.2640837e-05,-2.1005198e-11,3.107032e-05,2.8172467e-06,3.3255653e-06,3.8221515e-10,-6.8528e-05,4.8325566e-11,0.0012514659,-5.421286e-12,6.267875e-11,-8.994584e-06,-0.0018387124,-1.6296367e-12,1.2446732e-05,0.0007569329,5.735412e-12,-2.2758177e-11,-3.6653444e-05,1.9146585e-11,2.0011314e-05,1.0801582e-11,-3.403489e-11,1.7818125e-05,0.0001735883,-4.196841e-05,6.16609e-05,-3.2969183e-12,4.6562225e-12,-7.672128e-06,-3.4304823e-05,5.9504324e-05
94,-5.2640837e-05,-2.1055602e-11,3.1070325e-05,2.8195907e-06,3.3255658e-06,3.8016879e-10,-6.8528e-05,4.8316906e-11,0.0012514659,-5.4237673e-12,6.5938366e-11,-8.994584e-06,-0.0018387124,-1.6299403e-12,1.244677e-05,0.0007569329,5.4078964e-12,-2.274364e-11,-3.6653444e-05,1.914631e-11,2.0011312e-05,1.1202594e-11,-3.402191e-11,1.7818145e-05,0.0001735883,-4.196841e-05,6.1659404e-05,-3.0695446e-12,2.1440332e-12,-7.672132e-06,-3.4304823e-05,5.9504324e-05
95,-5.2640837e-05,-2.0993651e-11,3.107032e-05,2.8162601e-06,3.325565e-06,3.8244252e-10,-6.8528e-05,4.8327342e-11,0.0012514659,-5.4246603e-12,6.2383876e-11,-8.994584e-06,-0.0018387124,-1.6295747e-12,1.2446728e-05,0.0007569329,5.8015814e-12,-2.2754996e-11,-3.6653444e-05,1.914664e-11,2.0011314e-05,1.0736301e-11,-3.4037276e-11,1.7818122e-05,0.0001735883,-4.196841e-05,6.16612e-05,-3.2969183e-12,5.71851e-12,-7.672127e-06,-3.4304823e-05,5.9504324e-05
96,-5.2640837e-05,-2.102074e-11,3.107032e-05,2.8184272e-06,3.3255656e-06,3.8153303e-10,-6.8528e-05,4.8323123e-11,0.0012514659,-5.4175436e-12,6.304646e-11,-8.994584e-06,-0.0018387124,-1.6297133e-12,1.2446737e-05,0.0007569329,5.6479266e-12,-2.276132e-11,-3.6653444e-05,1.9146516e-11,2.0011314e-05,1.0885959e-11,-3.4031836e-11,1.781813e-05,0.0001735883,-4.196841e-05,6.166053e-05,-3.1832315e-12,3.4666705e-12,-7.672129e-06,-3.4304823e-05,5.9504324e-05
97,-5.2640837e-05,-2.1005198e-11,3.107032e-05,2.8172317e-06,3.3255653e-06,3.8221515e-10,-6.8528e-05,4.8325566e-11,0.0012514659,-5.4212732e-12,6.26752e-11,-8.994584e-06,-0.0018387124,-1.6296361e-12,1.2446732e-05,0.0007569329,5.7361893e-12,-2.2758295e-11,-3.6653444e-05,1.9146585e-11,2.0011314e-05,1.080247e-11,-3.4034903e-11,1.7818125e-05,0.0001735883,-4.196841e-05,6.166091e-05,-3.2969183e-12,4.6592027e-12,-7.672128e-06,-3.4304823e-05,5.9504324e-05
98,-5.2640837e-05,-2.1057378e-11,3.1070325e-05,2.8195905e-06,3.3255658e-06,3.8016879e-10,-6.8528e-05,4.8316906e-11,0.0012514659,-5.4251595e-12,6.63114e-11,-8.994584e-06,-0.0018387124,-1.6299488e-12,1.2446773e-05,0.0007569329,5.405121e-12,-2.2740528e-11,-3.6653444e-05,1.9146297e-11,2.0011312e-05,1.1236345e-11,-3.4021563e-11,1.7818147e-05,0.0001735883,-4.196841e-05,6.1659375e-05,-3.0695446e-12,2.1512783e-12,-7.672132e-06,-3.4304823e-05,5.9504324e-05
99,-5.2640837e-05,-2.1051827e-11,3.1070325e-05,2.8196177e-06,3.3255658e-06,3.8039616e-10,-6.8528e-05,4.8317794e-11,0.0012514659,-5.42255e-12,6.554224e-11,-8.994584e-06,-0.0018387124,-1.6299063e-12,1.2446766e-05,0.0007569329,5.450973e-12,-2.2747127e-11,-3.6653444e-05,1.9146336e-11,2.0011314e-05,1.1171064e-11,-3.4023423e-11,1.7818144e-05,0.0001735883,-4.196841e-05,6.165963e-05,-3.0695446e-12,2.2176818e-12,-7.672132e-06,-3.4304823e-05,5.9504324e-05
100,-5.2640837e-05,-2.1048274e-11,3.1070325e-05,2.8195113e-06,3.3255658e-06,3.8039616e-10,-6.8528e-05,4.831846e-11,0.0012514659,-5.420823e-12,6.528644e-11,-8.994584e-06,-0.0018387124,-1.6298852e-12,1.24467615e-05,0.0007569329,5.4845017e-12,-2.2750229e-11,-3.6653444e-05,1.9146356e-11,2.0011314e-05,1.1142198e-11,-3.402457e-11,1.7818142e-05,0.0001735883,-4.196841e-05,6.165973e-05,-3.0695446e-12,2.194414e-12,-7.672132e-06,-3.4304823e-05,5.9504324e-05
101,-5.2640837e-05,-2.1034507e-11,3.107032e-05,2.819516e-06,3.3255658e-06,3.8107828e-10,-6.8528e-05,4.8321125e-11,0.0012514659,-5.4134488e-12,6.33964e-11,-8.994584e-06,-0.0018387124,-1.6297852e-12,1.24467415e-05,0.0007569329,5.575429e-12,-2.2765487e-11,-3.6653444e-05,1.9146454e-11,2.0011314e-05,1.0963674e-11,-3.4029043e-11,1.7818134e-05,0.0001735883,-4.196841e-05,6.16602e-05,-3.1832315e-12,2.214606e-12,-7.672131e-06,-3.4304823e-05,5.9504324e-05
102,-5.2640837e-05,-2.1012747e-11,3.107032e-05,2.8178574e-06,3.3255656e-06,3.817604e-10,-6.8528e-05,4.8324456e-11,0.0012514659,-5.4193178e-12,6.285816e-11,-8.994584e-06,-0.0018387124,-1.6296745e-12,1.2446734e-05,0.0007569329,5.6933347e-12,-2.2760002e-11,-3.6653444e-05,1.9146552e-11,2.0011314e-05,1.0843326e-11,-3.403342e-11,1.7818127e-05,0.0001735883,-4.196841e-05,6.166073e-05,-3.2969183e-12,4.0288935e-12,-7.672129e-06,-3.4304823e-05,5.9504324e-05
103,-5.2640837e-05,-2.1068036e-11,3.1070325e-05,2.8196068e-06,3.3255658e-06,3.7971404e-10,-6.8528e-05,4.8314686e-11,0.0012514659,-5.43228e-12,6.7543304e-11,-8.994584e-06,-0.0018387124,-1.6300203e-12,1.2446792e-05,0.0007569329,5.316969e-12,-2.2728167e-11,-3.6653444e-05,1.914622e-11,2.0011312e-05,1.1361134e-11,-3.4017664e-11,1.7818153e-05,0.0001735883,-4.196841e-05,6.165907e-05,-2.842171e-12,2.3888608e-12,-7.672133e-06,-3.4304823e-05,5.9504324e-05
104,-5.2640837e-05,-2.1177948e-11,3.1070325e-05,2.8194981e-06,3.3255658e-06,3.749392e-10,-6.8528e-05,4.8293813e-11,0.0012514659,-5.4950237e-12,8.0741636e-11,-8.994584e-06,-0.0018387124,-1.6307847e-12,1.2446959e-05,0.0007569329,4.4179105e-12,-2.2604515e-11,-3.6653444e-05,1.914546e-11,2.0011312e-05,1.2599255e-11,-3.3979344e-11,1.781821e-05,0.0001735883,-4.196841e-05,6.165525e-05,-2.046363e-12,3.3852513e-12,-7.672142e-06,-3.4304823e-05,5.950432e-05
105,-5.2640837e-05,-2.099454e-11,3.107032e-05,2.8163677e-06,3.3255653e-06,3.8244252e-10,-6.8528e-05,4.832712e-11,0.0012514659,-5.4243216e-12,6.241585e-11,-8.994584e-06,-0.0018387124,-1.6295811e-12,1.2446729e-05,0.0007569329,5.794365e-12,-2.2755287e-11,-3.6653444e-05,1.9146634e-11,2.0011314e-05,1.0742962e-11,-3.403703e-11,1.7818122e-05,0.0001735883,-4.196841e-05,6.1661165e-05,-3.2969183e-12,5.609151e-12,-7.672127e-06,-3.4304823e-05,5.9504324e-05
106,-5.2640837e-05,-2.1017854e-11,3.107032e-05,2.818248e-06,3.3255656e-06,3.8153303e-10,-6.8528e-05,4.8323345e-11,0.0012514659,-5.4176125e-12,6.2993166e-11,-8.994584e-06,-0.0018387124,-1.6297017e-12,1.2446737e-05,0.0007569329,5.6669114e-12,-2.276172e-11,-3.6653444e-05,1.9146528e-11,2.0011314e-05,1.0873968e-11,-3.4032336e-11,1.7818129e-05,0.0001735883,-4.196841e-05,6.166059e-05,-3.2969183e-12,3.5167017e-12,-7.672129e-06,-3.4304823e-05,5.9504324e-05
107,-5.2640837e-05,-2.1039392e-11,3.1070325e-05,2.8195811e-06,3.3255658e-06,3.808509e-10,-6.8528e-05,4.832046e-11,0.0012514659,-5.4145395e-12,6.3886674e-11,-8.994584e-06,-0.0018387124,-1.6298166e-12,1.2446745e-05,0.0007569329,5.544676e-12,-2.2762285e-11,-3.6653444e-05,1.9146424e-11,2.0011314e-05,1.101208e-11,-3.4027683e-11,1.7818138e-05,0.0001735883,-4.196841e-05,6.166004e-05,-3.1832315e-12,2.1065164e-12,-7.672131e-06,-3.4304823e-05,5.9504324e-05
108,-5.2640837e-05,-2.1119106e-11,3.1070325e-05,2.8195373e-06,3.3255658e-06,3.774403e-10,-6.8528e-05,4.8304916e-11,0.0012514659,-5.462526e-12,7.379253e-11,-8.994584e-06,-0.0018387124,-1.6303788e-12,1.2446874e-05,0.0007569329,4.892531e-12,-2.2669623e-11,-3.6653444e-05,1.914586e-11,2.0011312e-05,1.1956214e-11,-3.399966e-11,1.781818e-05,0.0001735883,-4.196841e-05,6.165731e-05,-2.3874236e-12,2.7512125e-12,-7.672137e-06,-3.4304823e-05,5.9504324e-05
109,-5.2640837e-05,-2.1018076e-11,3.107032e-05,2.8183172e-06,3.3255656e-06,3.8153303e-10,-6.8528e-05,4.8323345e-11,0.0012514659,-5.417812e-12,6.299672e-11,-8.994584e-06,-0.0018387124,-1.6297048e-12,1.2446737e-05,0.0007569329,5.6638028e-12,-2.2761213e-11,-3.6653444e-05,1.9146528e-11,2.0011314e-05,1.0873968e-11,-3.4032343e-11,1.7818129e-05,0.0001735883,-4.196841e-05,6.1660576e-05,-3.2969183e-12,3.5354922e-12,-7.672129e-06,-3.4304823e-05,5.9504324e-05
110,-5.2640837e-05,-2.1034507e-11,3.107032e-05,2.8195336e-06,3.3255658e-06,3.8107828e-10,-6.8528e-05,4.8321125e-11,0.0012514659,-5.413414e-12,6.343015e-11,-8.994584e-06,-0.0018387124,-1.629788e-12,1.2446742e-05,0.0007569329,5.5742078e-12,-2.2765512e-11,-3.6653444e-05,1.9146452e-11,2.0011314e-05,1.0967227e-11,-3.4028974e-11,1.7818134e-05,0.0001735883,-4.196841e-05,6.166019e-05,-3.1832315e-12,2.149586e-12,-7.672131e-06,-3.4304823e-05,5.9504324e-05
111,-5.2640837e-05,-2.1062263e-11,3.1070325e-05,2.8195504e-06,3.3255658e-06,3.799414e-10,-6.8528e-05,4.8315796e-11,0.0012514659,-5.4272645e-12,6.671552e-11,-8.994584e-06,-0.0018387124,-1.6299821e-12,1.2446779e-05,0.0007569329,5.35727e-12,-2.2736459e-11,-3.6653444e-05,1.9146264e-11,2.0011312e-05,1.1273649e-11,-3.401973e-11,1.7818149e-05,0.0001735883,-4.196841e-05,6.1659186e-05,-3.0695446e-12,2.2450626e-12,-7.672133e-06,-3.4304823e-05,5.9504324e-05
112,-5.2640837e-05,-2.1057378e-11,3.1070325e-05,2.819567e-06,3.3255658e-06,3.799414e-10,-6.8528e-05,4.8316684e-11,0.0012514659,-5.4256617e-12,6.6314954e-11,-8.994584e-06,-0.0018387124,-1.6299499e-12,1.2446775e-05,0.0007569329,5.401124e-12,-2.2739973e-11,-3.6653444e-05,1.9146292e-11,2.0011312e-05,1.1244783e-11,-3.4021366e-11,1.7818147e-05,0.0001735883,-4.196841e-05,6.1659375e-05,-3.0695446e-12,2.1913495e-12,-7.672132e-06,-3.4304823e-05,5.9504324e-05
113,-5.2640837e-05,-2.1038948e-11,3.1070325e-05,2.8196325e-06,3.3255658e-06,3.808509e-10,-6.8528e-05,4.8320237e-11,0.0012514659,-5.414803e-12,6.3948846e-11,-8.994584e-06,-0.0018387124,-1.6298206e-12,1.2446747e-05,0.0007569329,5.54512e-12,-2.2762056e-11,-3.6653444e-05,1.9146424e-11,2.0011314e-05,1.1018297e-11,-3.4027708e-11,1.7818136e-05,0.0001735883,-4.196841e-05,6.166004e-05,-3.1832315e-12,2.007441e-12,-7.672131e-06,-3.4304823e-05,5.9504324e-05
114,-5.2640837e-05,-2.101852e-11,3.107032e-05,2.8183597e-06,3.3255656e-06,3.8153303e-10,-6.8528e-05,4.8323345e-11,0.0012514659,-5.417633e-12,6.301182e-11,-8.994584e-06,-0.0018387124,-1.6297072e-12,1.2446737e-05,0.0007569329,5.659584e-12,-2.2761452e-11,-3.6653444e-05,1.9146525e-11,2.0011314e-05,1.0877077e-11,-3.4032197e-11,1.781813e-05,0.0001735883,-4.196841e-05,6.166056e-05,-3.1832315e-12,3.4856597e-12,-7.672129e-06,-3.4304823e-05,5.9504324e-05
115,-5.2640837e-05,-2.1011637e-11,3.107032e-05,2.817773e-06,3.3255656e-06,3.8198777e-10,-6.8528e-05,4.8324456e-11,0.0012514659,-5.4194665e-12,6.2837735e-11,-8.994584e-06,-0.0018387124,-1.6296708e-12,1.2446734e-05,0.0007569329,5.700884e-12,-2.2759815e-11,-3.6653444e-05,1.9146556e-11,2.0011314e-05,1.0837553e-11,-3.403362e-11,1.7818127e-05,0.0001735883,-4.196841e-05,6.1660736e-05,-3.2969183e-12,4.076823e-12,-7.672129e-06,-3.4304823e-05,5.9504324e-05
116,-5.2640837e-05,-2.1000757e-11,3.107032e-05,2.8168843e-06,3.3255653e-06,3.8244252e-10,-6.8528e-05,4.8326232e-11,0.0012514659,-5.422527e-12,6.2569505e-11,-8.994584e-06,-0.0018387124,-1.629614e-12,1.2446731e-05,0.0007569329,5.759948e-12,-2.2757012e-11,-3.6653444e-05,1.9146604e-11,2.0011314e-05,1.0778045e-11,-3.4035778e-11,1.7818124e-05,0.0001735883,-4.196841e-05,6.166101e-05,-3.2969183e-12,5.045413e-12,-7.672128e-06,-3.4304823e-05,5.9504324e-05
117,-5.2640837e-05,-2.1131097e-11,3.1070325e-05,2.8195548e-06,3.3255658e-06,3.7698555e-10,-6.8528e-05,4.8302695e-11,0.0012514659,-5.4682396e-12,7.51017e-11,-8.994584e-06,-0.0018387124,-1.6304594e-12,1.2446889e-05,0.0007569329,4.79794e-12,-2.26574e-11,-3.6653444e-05,1.9145784e-11,2.0011312e-05,1.2070345e-11,-3.399566e-11,1.7818185e-05,0.0001735883,-4.196841e-05,6.165687e-05,-2.2737368e-12,2.9121948e-12,-7.672138e-06,-3.4304823e-05,5.9504324e-05
118,-5.2640837e-05,-2.1000979e-11,3.107032e-05,2.81688e-06,3.3255653e-06,3.8244252e-10,-6.8528e-05,4.8326232e-11,0.0012514659,-5.422432e-12,6.257217e-11,-8.994584e-06,-0.0018387124,-1.6296133e-12,1.2446731e-05,0.0007569329,5.759393e-12,-2.2757247e-11,-3.6653444e-05,1.9146604e-11,2.0011314e-05,1.0778933e-11,-3.403573e-11,1.7818124e-05,0.0001735883,-4.196841e-05,6.166102e-05,-3.2969183e-12,5.037225e-12,-7.672128e-06,-3.4304823e-05,5.9504324e-05
119,-5.2640837e-05,-2.1074031e-11,3.1070325e-05,2.819632e-06,3.3255658e-06,3.792593e-10,-6.8528e-05,4.8313575e-11,0.0012514659,-5.4355517e-12,6.8347994e-11,-8.994584e-06,-0.0018387124,-1.6300673e-12,1.2446801e-05,0.0007569329,5.2633453e-12,-2.2721824e-11,-3.6653444e-05,1.9146181e-11,2.0011312e-05,1.1423307e-11,-3.4015537e-11,1.7818156e-05,0.0001735883,-4.196841e-05,6.1658844e-05,-2.842171e-12,2.3151325e-12,-7.6721335e-06,-3.4304823e-05,5.9504324e-05
120,-5.2640837e-05,-2.1073143e-11,3.1070325e-05,2.8196062e-06,3.3255658e-06,3.7948666e-10,-6.8528e-05,4.8313575e-11,0.0012514659,-5.4348514e-12,6.820233e-11,-8.994584e-06,-0.0018387124,-1.6300619e-12,1.24468e-05,0.0007569329,5.2695626e-12,-2.2722331e-11,-3.6653444e-05,1.9146185e-11,2.0011312e-05,1.1420642e-11,-3.401582e-11,1.7818156e-05,0.0001735883,-4.196841e-05,6.165884e-05,-2.842171e-12,2.2860802e-12,-7.6721335e-06,-3.4304823e-05,5.9504324e-05
121,-5.2640837e-05,-2.1056712e-11,3.1070325e-05,2.819609e-06,3.3255658e-06,3.8016879e-10,-6.8528e-05,4.8316906e-11,0.0012514659,-5.4247557e-12,6.6075145e-11,-8.994584e-06,-0.0018387124,-1.6299434e-12,1.2446772e-05,0.0007569329,5.40612e-12,-2.2742155e-11,-3.6653444e-05,1.9146303e-11,2.0011312e-05,1.1218582e-11,-3.4021654e-11,1.7818147e-05,0.0001735883,-4.196841e-05,6.165942e-05,-3.0695446e-12,2.2308032e-12,-7.672132e-06,-3.4304823e-05,5.9504324e-05
122,-5.2640837e-05,-2.1022295e-11,3.107032e-05,2.8186375e-06,3.3255656e-06,3.8153303e-10,-6.8528e-05,4.83229e-11,0.0012514659,-5.416544e-12,6.3100636e-11,-8.994584e-06,-0.0018387124,-1.6297261e-12,1.2446738e-05,0.0007569329,5.6417093e-12,-2.2762597e-11,-3.6653444e-05,1.9146507e-11,2.0011314e-05,1.0897505e-11,-3.4031493e-11,1.781813e-05,0.0001735883,-4.196841e-05,6.166048e-05,-3.1832315e-12,3.15775e-12,-7.67213e-06,-3.4304823e-05,5.9504324e-05
123,-5.2640837e-05,-2.1028956e-11,3.107032e-05,2.8190582e-06,3.3255658e-06,3.8130565e-10,-6.8528e-05,4.832179e-11,0.0012514659,-5.414811e-12,6.331913e-11,-8.994584e-06,-0.0018387124,-1.6297601e-12,1.24467415e-05,0.0007569329,5.60485e-12,-2.276403e-11,-3.6653444e-05,1.9146476e-11,2.0011314e-05,1.0940138e-11,-3.4030036e-11,1.7818133e-05,0.0001735883,-4.196841e-05,6.166031e-05,-3.1832315e-12,2.5650515e-12,-7.67213e-06,-3.4304823e-05,5.9504324e-05
124,-5.2640837e-05,-2.107936e-11,3.1070325e-05,2.8196332e-06,3.3255658e-06,3.792593e-10,-6.8528e-05,4.8312687e-11,0.0012514659,-5.437583e-12,6.8795636e-11,-8.994584e-06,-0.0018387124,-1.6301049e-12,1.2446807e-05,0.0007569329,5.212275e-12,-2.2717193e-11,-3.6653444e-05,1.9146146e-11,2.0011312e-05,1.1467272e-11,-3.401363e-11,1.7818158e-05,0.0001735883,-4.196841e-05,6.165861e-05,-2.842171e-12,2.3128261e-12,-7.6721335e-06,-3.4304823e-05,5.9504324e-05
125,-5.2640837e-05,-2.1017188e-11,3.107032e-05,2.818134e-06,3.3255656e-06,3.817604e-10,-6.8528e-05,4.832379e-11,0.0012514659,-5.4179005e-12,6.297096e-11,-8.994584e-06,-0.0018387124,-1.6296944e-12,1.2446736e-05,0.0007569329,5.6724625e-12,-2.276148e-11,-3.6653444e-05,1.9146532e-11,2.0011314e-05,1.0867751e-11,-3.4032513e-11,1.7818129e-05,0.0001735883,-4.196841e-05,6.166063e-05,-3.2969183e-12,3.6229708e-12,-7.672129e-06,-3.4304823e-05,5.9504324e-05
126,-5.2640837e-05,-2.1086688e-11,3.1070325e-05,2.8194927e-06,3.3255658e-06,3.7880454e-10,-6.8528e-05,4.8311133e-11,0.0012514659,-5.4432665e-12,6.995382e-11,-8.994584e-06,-0.0018387124,-1.6301576e-12,1.2446823e-05,0.0007569329,5.1589844e-12,-2.2705903e-11,-3.6653444e-05,1.9146086e-11,2.0011312e-05,1.1592949e-11,-3.4011027e-11,1.7818164e-05,0.0001735883,-4.196841e-05,6.165836e-05,-2.6147973e-12,2.3608962e-12,-7.672134e-06,-3.4304823e-05,5.9504324e-05
127,-5.2640837e-05,-2.1110669e-11,3.1070325e-05,2.819527e-06,3.3255658e-06,3.7789505e-10,-6.8528e-05,4.8306692e-11,0.0012514659,-5.4546532e-12,7.242651e-11,-8.994584e-06,-0.0018387124,-1.6303183e-12,1.24468515e-05,0.0007569329,4.958367e-12,-2.2682925e-11,-3.6653444e-05,1.9145933e-11,2.0011312e-05,1.1807e-11,-3.4002866e-11,1.7818174e-05,0.0001735883,-4.196841e-05,6.165751e-05,-2.6147973e-12,2.6455158e-12,-7.672136e-06,-3.4304823e-05,5.9504324e-05
128,-5.2640837e-05,-2.1015412e-11,3.107032e-05,2.8180414e-06,3.3255656e-06,3.817604e-10,-6.8528e-05,4.832401e-11,0.0012514659,-5.418464e-12,6.2920336e-11,-8.994584e-06,-0.0018387124,-1.6296867e-12,1.2446735e-05,0.0007569329,5.680345e-12,-2.276106e-11,-3.6653444e-05,1.914654e-11,2.0011314e-05,1.0857537e-11,-3.4032888e-11,1.7818129e-05,0.0001735883,-4.196841e-05,6.166067e-05,-3.2969183e-12,3.7877505e-12,-7.672129e-06,-3.4304823e-05,5.9504324e-05
129,-5.2640837e-05,-2.1027846e-11,3.107032e-05,2.8190623e-06,3.3255658e-06,3.8130565e-10,-6.8528e-05,4.8322013e-11,0.0012514659,-5.4153084e-12,6.323653e-11,-8.994584e-06,-0.0018387124,-1.6297536e-12,1.244674e-05,0.0007569329,5.610179e-12,-2.2763548e-11,-3.6653444e-05,1.9146483e-11,2.0011314e-05,1.0927259e-11,-3.4030414e-11,1.7818133e-05,0.0001735883,-4.196841e-05,6.166034e-05,-3.1832315e-12,2.7409047e-12,-7.67213e-06,-3.4304823e-05,5.9504324e-05
130,-5.2640837e-05,-2.100009e-11,3.107032e-05,2.8168006e-06,3.3255653e-06,3.8244252e-10,-6.8528e-05,4.8326232e-11,0.0012514659,-5.4227994e-12,6.2544636e-11,-8.994584e-06,-0.0018387124,-1.6296086e-12,1.2446731e-05,0.0007569329,5.765499e-12,-2.2756786e-11,-3.6653444e-05,1.914661e-11,2.0011314e-05,1.0771828e-11,-3.4035972e-11,1.7818124e-05,0.0001735883,-4.196841e-05,6.166104e-05,-3.2969183e-12,5.1353618e-12,-7.672128e-06,-3.4304823e-05,5.9504324e-05
131,-5.2640837e-05,-2.1012303e-11,3.107032e-05,2.8177685e-06,3.3255656e-06,3.8198777e-10,-6.8528e-05,4.8324456e-11,0.0012514659,-5.4191564e-12,6.285017e-11,-8.994584e-06,-0.0018387124,-1.6296706e-12,1.2446734e-05,0.0007569329,5.698997e-12,-2.276046e-11,-3.6653444e-05,1.9146552e-11,2.0011314e-05,1.084155e-11,-3.403347e-11,1.7818127e-05,0.0001735883,-4.196841e-05,6.166074e-05,-3.2969183e-12,4.02122e-12,-7.672129e-06,-3.4304823e-05,5.9504324e-05
132,-5.2640837e-05,-2.0998758e-11,3.107032e-05,2.8167026e-06,3.3255653e-06,3.8244252e-10,-6.8528e-05,4.8326454e-11,0.0012514659,-5.423092e-12,6.25171e-11,-8.994584e-06,-0.0018387124,-1.6296025e-12,1.244673e-05,0.0007569329,5.7719385e-12,-2.275654e-11,-3.6653444e-05,1.9146615e-11,2.0011314e-05,1.0766055e-11,-3.4036197e-11,1.7818124e-05,0.0001735883,-4.196841e-05,6.166107e-05,-3.2969183e-12,5.2314654e-12,-7.672127e-06,-3.4304823e-05,5.9504324e-05
133,-5.2640837e-05,-2.1022739e-11,3.107032e-05,2.8185652e-06,3.3255656e-06,3.8153303e-10,-6.8528e-05,4.83229e-11,0.0012514659,-5.4165977e-12,6.312817e-11,-8.994584e-06,-0.0018387124,-1.6297239e-12,1.2446739e-05,0.0007569329,5.6383787e-12,-2.2762205e-11,-3.6653444e-05,1.9146506e-11,2.0011314e-05,1.0901058e-11,-3.4031333e-11,1.781813e-05,0.0001735883,-4.196841e-05,6.1660474e-05,-3.1832315e-12,3.1870947e-12,-7.67213e-06,-3.4304823e-05,5.9504324e-05
134,-5.2640837e-05,-2.1103785e-11,3.1070325e-05,2.8193535e-06,3.3255658e-06,3.7812242e-10,-6.8528e-05,4.830758e-11,0.0012514659,-5.4537546e-12,7.2082784e-11,-8.994584e-06,-0.0018387124,-1.6302744e-12,1.24468515e-05,0.0007569329,5.0248694e-12,-2.2685725e-11,-3.6653444e-05,1.9145963e-11,2.0011312e-05,1.18003385e-11,-3.400502e-11,1.7818173e-05,0.0001735883,-4.196841e-05,6.165778e-05,-2.6147973e-12,2.569456e-12,-7.672136e-06,-3.4304823e-05,5.9504324e-05
135,-5.2640837e-05,-2.1040503e-11,3.1070325e-05,2.8196114e-06,3.3255658e-06,3.808509e-10,-6.8528e-05,4.8319793e-11,0.0012514659,-5.415898e-12,6.4178884e-11,-8.994584e-06,-0.0018387124,-1.6298302e-12,1.2446749e-05,0.0007569329,5.5371263e-12,-2.2759922e-11,-3.6653444e-05,1.9146412e-11,2.0011314e-05,1.1040502e-11,-3.4027198e-11,1.7818138e-05,0.0001735883,-4.196841e-05,6.1659994e-05,-3.1832315e-12,2.0879904e-12,-7.672131e-06,-3.4304823e-05,5.9504324e-05
136,-5.2640837e-05,-2.1028956e-11,3.107032e-05,2.8189797e-06,3.3255658e-06,3.8130565e-10,-6.8528e-05,4.8322013e-11,0.0012514659,-5.4146956e-12,6.331291e-11,-8.994584e-06,-0.0018387124,-1.6297587e-12,1.24467415e-05,0.0007569329,5.604517e-12,-2.276402e-11,-3.6653444e-05,1.9146474e-11,2.0011314e-05,1.0942802e-11,-3.402998e-11,1.7818133e-05,0.0001735883,-4.196841e-05,6.16603e-05,-3.1832315e-12,2.5668287e-12,-7.67213e-06,-3.4304823e-05,5.9504324e-05
137,-5.2640837e-05,-2.0994317e-11,3.107032e-05,2.816342e-06,3.3255653e-06,3.8244252e-10,-6.8528e-05,4.832712e-11,0.0012514659,-5.424379e-12,6.2408745e-11,-8.994584e-06,-0.0018387124,-1.6295797e-12,1.2446728e-05,0.0007569329,5.7961413e-12,-2.275528e-11,-3.6653444e-05,1.9146636e-11,2.0011314e-05,1.0740742e-11,-3.4037082e-11,1.7818122e-05,0.0001735883,-4.196841e-05,6.166118e-05,-3.2969183e-12,5.6303425e-12,-7.672127e-06,-3.4304823e-05,5.9504324e-05
138,-5.2640837e-05,-2.1047608e-11,3.1070325e-05,2.8196314e-06,3.3255658e-06,3.8039616e-10,-6.8528e-05,4.8318682e-11,0.0012514659,-5.419496e-12,6.5011996e-11,-8.994584e-06,-0.0018387124,-1.6298811e-12,1.2446759e-05,0.0007569329,5.480505e-12,-2.2752432e-11,-3.6653444e-05,1.9146367e-11,2.0011314e-05,1.1116885e-11,-3.402486e-11,1.7818142e-05,0.0001735883,-4.196841e-05,6.1659724e-05,-3.0695446e-12,2.093956e-12,-7.672132e-06,-3.4304823e-05,5.9504324e-05
139,-5.2640837e-05,-2.1088908e-11,3.1070325e-05,2.8196007e-06,3.3255658e-06,3.7880454e-10,-6.8528e-05,4.831069e-11,0.0012514659,-5.444318e-12,7.011014e-11,-8.994584e-06,-0.0018387124,-1.6301693e-12,1.2446825e-05,0.0007569329,5.1406657e-12,-2.2704737e-11,-3.6653444e-05,1.9146075e-11,2.0011312e-05,1.1598278e-11,-3.401032e-11,1.7818164e-05,0.0001735883,-4.196841e-05,6.1658335e-05,-2.728484e-12,2.4485873e-12,-7.672134e-06,-3.4304823e-05,5.9504324e-05
140,-5.2640837e-05,-2.0997648e-11,3.107032e-05,2.816602e-06,3.3255653e-06,3.8244252e-10,-6.8528e-05,4.8326676e-11,0.0012514659,-5.4233987e-12,6.248868e-11,-8.994584e-06,-0.0018387124,-1.6295961e-12,1.244673e-05,0.0007569329,5.7783778e-12,-2.2756273e-11,-3.6653444e-05,1.914662e-11,2.0011314e-05,1.0759393e-11,-3.4036423e-11,1.7818124e-05,0.0001735883,-4.196841e-05,6.16611e-05,-3.2969183e-12,5.3359548e-12,-7.672127e-06,-3.4304823e-05,5.9504324e-05
141,-5.2640837e-05,-2.10727e-11,3.1070325e-05,2.8196296e-06,3.3255658e-06,3.7948666e-10,-6.8528e-05,4.8313575e-11,0.0012514659,-5.43492e-12,6.8147266e-11,-8.994584e-06,-0.0018387124,-1.6300599e-12,1.24468e-05,0.0007569329,5.26712e-12,-2.2723032e-11,-3.6653444e-05,1.9146186e-11,2.0011312e-05,1.1413981e-11,-3.4015808e-11,1.7818154e-05,0.0001735883,-4.196841e-05,6.1658866e-05,-2.842171e-12,2.2913112e-12,-7.6721335e-06,-3.4304823e-05,5.9504324e-05
142,-5.2640837e-05,-2.099676e-11,3.107032e-05,2.8165343e-06,3.3255653e-06,3.8244252e-10,-6.8528e-05,4.8326898e-11,0.0012514659,-5.423651e-12,6.2467365e-11,-8.994584e-06,-0.0018387124,-1.629592e-12,1.2446729e-05,0.0007569329,5.7832628e-12,-2.2756026e-11,-3.6653444e-05,1.9146624e-11,2.0011314e-05,1.07549525e-11,-3.40366e-11,1.7818124e-05,0.0001735883,-4.196841e-05,6.166112e-05,-3.2969183e-12,5.4107057e-12,-7.672127e-06,-3.4304823e-05,5.9504324e-05
143,-5.2640837e-05,-2.0997426e-11,3.107032e-05,2.8165748e-06,3.3255653e-06,3.8244252e-10,-6.8528e-05,4.8326898e-11,0.0012514659,-5.423549e-12,6.247802e-11,-8.994584e-06,-0.0018387124,-1.6295945e-12,1.244673e-05,0.0007569329,5.7808203e-12,-2.2756082e-11,-3.6653444e-05,1.9146622e-11,2.0011314e-05,1.0756729e-11,-3.4036517e-11,1.7818124e-05,0.0001735883,-4.196841e-05,6.166111e-05,-3.2969183e-12,5.372941e-12,-7.672127e-06,-3.4304823e-05,5.9504324e-05
144,-5.2640837e-05,-2.1000313e-11,3.107032e-05,2.816831e-06,3.3255653e-06,3.8244252e-10,-6.8528e-05,4.8326232e-11,0.0012514659,-5.4226597e-12,6.2555294e-11,-8.994584e-06,-0.0018387124,-1.6296107e-12,1.2446731e-05,0.0007569329,5.7633898e-12,-2.2756935e-11,-3.6653444e-05,1.9146608e-11,2.0011314e-05,1.0774492e-11,-3.403589e-11,1.7818124e-05,0.0001735883,-4.196841e-05,6.166103e-05,-3.2969183e-12,5.0940944e-12,-7.672128e-06,-3.4304823e-05,5.9504324e-05
145,-5.2640837e-05,-2.0995428e-11,3.107032e-05,2.8164172e-06,3.3255653e-06,3.8244252e-10,-6.8528e-05,4.832712e-11,0.0012514659,-5.424139e-12,6.243095e-11,-8.994584e-06,-0.0018387124,-1.6295843e-12,1.2446729e-05,0.0007569329,5.7912564e-12,-2.2755468e-11,-3.6653444e-05,1.914663e-11,2.0011314e-05,1.0745627e-11,-3.403691e-11,1.7818122e-05,0.0001735883,-4.196841e-05,6.166115e-05,-3.2969183e-12,5.5530172e-12,-7.672127e-06,-3.4304823e-05,5.9504324e-05
146,-5.2640837e-05,-2.1178836e-11,3.1070325e-05,2.819557e-06,3.3255658e-06,3.749392e-10,-6.8528e-05,4.8293813e-11,0.0012514659,-5.496198e-12,8.084733e-11,-8.994584e-06,-0.0018387124,-1.6307882e-12,1.2446962e-05,0.0007569329,4.4073634e-12,-2.2604106e-11,-3.6653444e-05,1.9145456e-11,2.0011312e-05,1.2601031e-11,-3.3978993e-11,1.781821e-05,0.0001735883,-4.196841e-05,6.1655286e-05,-2.046363e-12,3.3994708e-12,-7.672142e-06,-3.4304823e-05,5.950432e-05
147,-5.2640837e-05,-2.1028956e-11,3.107032e-05,2.8190152e-06,3.3255658e-06,3.8130565e-10,-6.8528e-05,4.8322013e-11,0.0012514659,-5.414944e-12,6.327916e-11,-8.994584e-06,-0.0018387124,-1.6297549e-12,1.2446741e-05,0.0007569329,5.604517e-12,-2.276393e-11,-3.6653444e-05,1.9146476e-11,2.0011314e-05,1.0936585e-11,-3.4030088e-11,1.7818133e-05,0.0001735883,-4.196841e-05,6.166033e-05,-3.1832315e-12,2.6736738e-12,-7.67213e-06,-3.4304823e-05,5.9504324e-05
148,-5.2640837e-05,-2.1004976e-11,3.107032e-05,2.8171946e-06,3.3255653e-06,3.8221515e-10,-6.8528e-05,4.8325566e-11,0.0012514659,-5.4213413e-12,6.266632e-11,-8.994584e-06,-0.0018387124,-1.6296337e-12,1.2446732e-05,0.0007569329,5.7385208e-12,-2.2758271e-11,-3.6653444e-05,1.9146587e-11,2.0011314e-05,1.07998055e-11,-3.4034973e-11,1.7818125e-05,0.0001735883,-4.196841e-05,6.1660925e-05,-3.2969183e-12,4.6911234e-12,-7.672128e-06,-3.4304823e-05,5.9504324e-05
149,-5.2640837e-05,-2.1016078e-11,3.107032e-05,2.8181105e-06,3.3255656e-06,3.817604e-10,-6.8528e-05,4.832379e-11,0.0012514659,-5.4182197e-12,6.294165e-11,-8.994584e-06,-0.0018387124,-1.6296919e-12,1.2446736e-05,0.0007569329,5.6767924e-12,-2.2761175e-11,-3.6653444e-05,1.9146537e-11,2.0011314e-05,1.0862866e-11,-3.4032742e-11,1.7818129e-05,0.0001735883,-4.196841e-05,6.166064e-05,-3.2969183e-12,3.7018817e-12,-7.672129e-06,-3.4304823e-05,5.9504324e-05
150,-5.2640837e-05,-2.1033397e-11,3.107032e-05,2.8194274e-06,3.3255658e-06,3.8130565e-10,-6.8528e-05,4.8321347e-11,0.0012514659,-5.4136877e-12,6.337597e-11,-8.994584e-06,-0.0018387124,-1.6297798e-12,1.24467415e-05,0.0007569329,5.579648e-12,-2.2765251e-11,-3.6653444e-05,1.9146455e-11,2.0011314e-05,1.0959678e-11,-3.402919e-11,1.7818134e-05,0.0001735883,-4.196841e-05,6.166022e-05,-3.1832315e-12,2.3002182e-12,-7.672131e-06,-3.4304823e-05,5.9504324e-05
151,-5.2640837e-05,-2.1013857e-11,3.107032e-05,2.8179197e-06,3.3255656e-06,3.817604e-10,-6.8528e-05,4.8324234e-11,0.0012514659,-5.4193854e-12,6.287504e-11,-8.994584e-06,-0.0018387124,-1.6296782e-12,1.2446734e-05,0.0007569329,5.6871174e-12,-2.2759617e-11,-3.6653444e-05,1.9146549e-11,2.0011314e-05,1.0845991e-11,-3.4033273e-11,1.7818129e-05,0.0001735883,-4.196841e-05,6.166071e-05,-3.2969183e-12,4.0310073e-12,-7.672129e-06,-3.4304823e-05,5.9504324e-05
152,-5.2640837e-05,-2.1078028e-11,3.1070325e-05,2.8196214e-06,3.3255658e-06,3.792593e-10,-6.8528e-05,4.8312687e-11,0.0012514659,-5.437375e-12,6.873613e-11,-8.994584e-06,-0.0018387124,-1.6300902e-12,1.2446805e-05,0.0007569329,5.237588e-12,-2.271773e-11,-3.6653444e-05,1.9146157e-11,2.0011312e-05,1.1461498e-11,-3.401433e-11,1.7818158e-05,0.0001735883,-4.196841e-05,6.165871e-05,-2.842171e-12,2.427331e-12,-7.6721335e-06,-3.4304823e-05,5.9504324e-05
153,-5.2640837e-05,-2.103051e-11,3.107032e-05,2.8192228e-06,3.3255658e-06,3.8130565e-10,-6.8528e-05,4.832179e-11,0.0012514659,-5.414375e-12,6.329692e-11,-8.994584e-06,-0.0018387124,-1.6297653e-12,1.2446741e-05,0.0007569329,5.5974114e-12,-2.2764703e-11,-3.6653444e-05,1.914647e-11,2.0011314e-05,1.0941914e-11,-3.4029838e-11,1.7818134e-05,0.0001735883,-4.196841e-05,6.166029e-05,-3.1832315e-12,2.5097199e-12,-7.67213e-06,-3.4304823e-05,5.9504324e-05
154,-5.2640837e-05,-2.1011415e-11,3.107032e-05,2.8176762e-06,3.3255656e-06,3.8198777e-10,-6.8528e-05,4.8324678e-11,0.0012514659,-5.41952e-12,6.281731e-11,-8.994584e-06,-0.0018387124,-1.6296641e-12,1.2446734e-05,0.0007569329,5.704659e-12,-2.2760235e-11,-3.6653444e-05,1.9146558e-11,2.0011314e-05,1.0835777e-11,-3.4033703e-11,1.7818127e-05,0.0001735883,-4.196841e-05,6.166078e-05,-3.2969183e-12,4.1406973e-12,-7.672129e-06,-3.4304823e-05,5.9504324e-05
155,-5.2640837e-05,-2.1073587e-11,3.1070325e-05,2.819576e-06,3.3255658e-06,3.7948666e-10,-6.8528e-05,4.8313575e-11,0.0012514659,-5.4352135e-12,6.830625e-11,-8.994584e-06,-0.0018387124,-1.6300641e-12,1.24468015e-05,0.0007569329,5.2694515e-12,-2.2721863e-11,-3.6653444e-05,1.9146183e-11,2.0011312e-05,1.142908e-11,-3.4015794e-11,1.7818156e-05,0.0001735883,-4.196841e-05,6.1658844e-05,-2.842171e-12,2.2335423e-12,-7.6721335e-06,-3.4304823e-05,5.9504324e-05
156,-5.2640837e-05,-2.099343e-11,3.107032e-05,2.8162503e-06,3.325565e-06,3.8244252e-10,-6.8528e-05,4.8327342e-11,0.0012514659,-5.424703e-12,6.238121e-11,-8.994584e-06,-0.0018387124,-1.629574e-12,1.2446728e-05,0.0007569329,5.8020255e-12,-2.2754947e-11,-3.6653444e-05,1.914664e-11,2.0011314e-05,1.0734524e-11,-3.4037304e-11,1.7818122e-05,0.0001735883,-4.196841e-05,6.16612e-05,-3.524292e-12,5.7307136e-12,-7.672127e-06,-3.4304823e-05,5.9504324e-05
157,-5.2640837e-05,-2.1017188e-11,3.107032e-05,2.8182092e-06,3.3255656e-06,3.817604e-10,-6.8528e-05,4.832379e-11,0.0012514659,-5.418089e-12,6.29683e-11,-8.994584e-06,-0.0018387124,-1.6296968e-12,1.2446736e-05,0.0007569329,5.669132e-12,-2.2761095e-11,-3.6653444e-05,1.9146532e-11,2.0011314e-05,1.0867307e-11,-3.403253e-11,1.7818129e-05,0.0001735883,-4.196841e-05,6.166061e-05,-3.2969183e-12,3.6486144e-12,-7.672129e-06,-3.4304823e-05,5.9504324e-05
158,-5.2640837e-05,-2.0999202e-11,3.107032e-05,2.816765e-06,3.3255653e-06,3.8244252e-10,-6.8528e-05,4.8326454e-11,0.0012514659,-5.4229646e-12,6.253398e-11,-8.994584e-06,-0.0018387124,-1.6296062e-12,1.2446731e-05,0.0007569329,5.7679417e-12,-2.275654e-11,-3.6653444e-05,1.9146611e-11,2.0011314e-05,1.0768719e-11,-3.4036073e-11,1.7818124e-05,0.0001735883,-4.196841e-05,6.166105e-05,-3.2969183e-12,5.1814464e-12,-7.672128e-06,-3.4304823e-05,5.9504324e-05
159,-5.2640837e-05,-2.1058932e-11,3.1070325e-05,2.819615e-06,3.3255658e-06,3.8016879e-10,-6.8528e-05,4.8316462e-11,0.0012514659,-5.4258824e-12,6.6357586e-11,-8.994584e-06,-0.0018387124,-1.6299594e-12,1.2446775e-05,0.0007569329,5.3880234e-12,-2.2739772e-11,-3.6653444e-05,1.9146289e-11,2.0011312e-05,1.12425624e-11,-3.4020932e-11,1.7818147e-05,0.0001735883,-4.196841e-05,6.165933e-05,-3.0695446e-12,2.192877e-12,-7.672133e-06,-3.4304823e-05,5.9504324e-05
