Feature_0,Feature_1,Feature_2,Feature_3,Feature_4,Feature_5,Feature_6,Feature_7,Feature_8,Feature_9,Feature_10,Feature_11,Feature_12,Feature_13,Feature_14,Feature_15,Feature_16,Feature_17,Feature_18,Feature_19,Feature_20,Feature_21,Feature_22,Feature_23,Feature_24,Feature_25,Feature_26,Feature_27,Feature_28,Feature_29,Feature_30,Feature_31,Feature_32,Feature_33,Feature_34,Feature_35,Feature_36,Feature_37,Feature_38,Feature_39,Feature_40,Feature_41,Feature_42,Feature_43,Feature_44,Feature_45,Feature_46,Feature_47
-3.094183806742756e-05,-0.003152869940464843,-0.0016752430996010439,-0.0006947297994059477,-0.00023706759631631733,-0.0018805108275590729,0.00010860598786402095,0.0002327672936945898,0.0,0.000566076503209369,0.0008523638094587445,0.0,-0.005778263242883774,-0.0021227971508937463,0.0007274683616335044,0.0005699077301387937,0.002008306669956481,0.00037964186956839565,9.593463772949312e-06,-0.002405145852890818,0.0011372638615007604,-0.0012886012037034852,-0.0004735452103718185,0.0006071399188231248,3.6323211995983266e-05,-4.0910887177608524e-05,0.0014015725195461592,8.721808010513241e-05,-0.010323677906266631,0.0020172180711197822,0.023698713979325187,0.00035591905279124295,-0.004313846601502039,-0.002930459742645416,0.02162474873096313,0.0048180837205484325,0.0007516592100784647,-0.0001536169751470632,0.020781329515823215,-0.0006215085093051599,0.007719739716430277,-0.0006075274506173095,-0.0005358967385991704,-0.0009343433317076635,-0.0015913798357331847,-9.230131649793605e-05,0.0005215095245098663,5.78282740281164e-05
-3.235570032657665e-05,0.0016388994175300592,-0.0010802573901212101,-0.0013863759220931627,-0.00023471536917195,0.0007509848830052434,9.102319414964078e-05,0.00010080479213224885,0.0,0.00011750215311474384,-0.0001843633976728743,0.0,-0.0038734948253462196,0.0010729785216803795,-0.0001534402594881767,-0.0002971685850902721,-0.0008656978360419248,5.8877911702574484e-05,8.902435276995522e-06,0.0011642725832429032,0.0001135724631744276,0.0004120922033863829,-0.00030700168643372735,-0.00033611478692013755,3.996890704960777e-05,-3.8743941404737955e-05,-0.0004873568941275687,-0.0001390998436095869,0.00627610631259781,-3.8686323023616646e-05,0.04280045476130079,5.4698880561249754e-05,0.004292088367378111,0.005100319977255117,0.0047673997529148835,-0.0012509441401284526,0.0004944183828190845,3.722280219372584e-05,-0.0001528509581622391,-0.0003001410171407852,-0.007568242889324935,-0.0009473034684652789,-0.0005592861212188026,-0.00019918363131370674,-0.001763596728243239,-1.7742117725535145e-05,0.00038268008203565755,6.857213483366125e-05
-3.684965979816428e-05,-0.003007920973283315,-0.0014273380624265433,-4.26221296271561e-05,-0.00022001272319450315,-0.0019816178892453646,0.00012124103001935616,0.00018487976025522934,0.0,0.0012135416184026688,0.0011277879574604292,0.0,-0.00571253058138238,-0.002497055386201285,0.00096487746062925,0.0004947052965965979,0.0019233625409384159,0.0015397910863720592,1.0400271360166632e-05,-0.002637550269225555,-0.0010624014798102017,-0.001333609937560942,-0.00021209583046290687,0.0006870399890264306,4.036047121107377e-05,-4.7232855098628106e-05,0.0013656372643688886,0.0003021158143220285,-0.0020027336903330477,0.0014606774182685733,0.023885783124769234,0.000557291461323255,-0.004760424252595872,0.004239019189713974,0.024210805750336246,0.0032855822091476957,0.000571428490842814,-0.00039305775821969996,-0.0002998476050538175,-0.0002980837374370013,0.009067489950636647,-0.0009334934298097209,-0.0007776996478268117,0.005731283901990413,-0.0013183594962498765,-0.00014590320013716342,0.0006671726923866785,6.602406211603267e-05
-2.7514677459984562e-05,0.0008386620754827947,-0.0009682014538516158,-0.0007249795362240265,-0.0002105318451043548,0.0001559497993078751,8.478017490516979e-05,-5.203334426123157e-06,0.0,0.0005786984852531294,0.0001874362719127338,0.0,-0.004330741367082613,0.00038198844678488073,0.00015656405147382242,1.3022731344514271e-05,-0.00021037925478103341,0.0007590242613824869,9.191329099393435e-06,0.0003359800475083187,3.5789986713031715e-05,8.283370126538286e-05,-0.0001928459430477927,-0.0001538717782255954,3.280352845505237e-05,-3.1905282578670844e-05,-0.000166274414097608,-3.801421527400061e-05,0.005986341134357609,0.00034535309286165496,0.03599266729015011,-2.5300078435990482e-05,0.0037077959388583715,-0.0014733520112755717,0.017493775448094554,0.0035619892348615024,-0.0027046385330317863,-0.00021597493180089124,-0.00016343857129952368,-0.0004364261451511986,0.006450491438890252,-0.0005581010024147715,0.007640916891295316,-0.0006155200818629084,-0.0010459709661635316,-5.9444429645927555e-05,0.0004069070578146053,5.405649434814123e-05
-2.9681596637714646e-05,-0.00033135860340795595,-0.001266849333069032,-0.00107377432828393,-0.00022833348208746679,-0.0004498246798733259,8.911121708967459e-05,-0.00017662339936556765,0.0,0.0013847751108640104,0.00044120026887261676,0.0,-0.003970900755347756,-0.0005603738026001739,0.00030642486443619566,6.942211278287244e-05,0.0005720987045220168,0.0018809193562484882,8.00786374229479e-06,-0.0009183921512356089,0.0005309770485416594,-0.00011510695596565968,0.00017591724973530534,0.00021863090062343644,3.693540935815055e-05,-3.475097651046283e-05,5.390030139241775e-06,0.00038378196753771805,0.007861040964808252,0.0005809943237237478,0.04558789012245237,2.9670381188206765e-05,0.004305516445448363,-0.0022384348958291557,-0.00885459528522221,-0.0015945000270555123,0.0005273528269257668,-0.0003735898246997755,-0.00016962630514389304,-0.00032289897487005356,-0.008803729058714564,-0.0009901066778148818,-0.0004473304577989981,-0.00045679711171891184,-0.001779717097489714,-0.00013385313927181342,0.000440998268046691,6.414842840691165e-05
-3.2514365481159206e-05,0.003480554624791411,0.0006598170494906677,-0.0005687447835985475,-0.000300732886561062,0.0016968570648241144,9.559696870914403e-05,4.7972841354604334e-05,0.0,-0.0007991670371255802,-0.00045780008737534656,0.0,-0.004172780105823892,0.002572449895395883,-0.0006385197919716202,7.516092526667566e-05,-0.0018921068252150358,-0.001301095694519861,8.35682908456077e-06,0.0027794283281941967,0.0002806400836031185,0.0010164893807147444,-0.0007177370434338016,-0.0010514712820539635,3.5792352941080643e-05,-4.036336247841813e-05,-0.0010298200494517488,-0.0006288734575451061,0.004836526919128164,-0.0003716215826780478,0.02529641305663065,0.000151328404254883,-0.003775605599403534,0.0038745626331522847,0.0035627131709238514,-0.0014811315077354944,0.00017553169786590876,-0.00028508233186121974,-0.00017771392354216196,-0.0005010274560795588,0.004382412061326569,-0.0009080391753470696,-0.00046032889575356423,0.0020154085563539614,-0.001731911918527787,-0.0002110067038035568,0.00047742386754823853,6.47403770645773e-05
-3.650378371973517e-05,-0.001614274171312783,-0.00121397871936222,5.387580338817284e-05,-0.00014431007985200435,-0.0009909086318362766,0.00011913217076242946,9.68564930323683e-05,0.0,0.0008649972305316708,0.0006660366336571578,0.0,-0.005928362602908299,-0.0014533902439488474,0.00041415117724574247,0.00017515277264399951,0.0011922190824531775,0.0012324151958222535,1.0547851671548246e-05,-0.0016546967274598924,-0.0008197234273089021,-0.0008091049355623676,-8.662656112992372e-05,0.0005093489167523142,3.5004647411343874e-05,-4.306131655000848e-05,0.0008202250308633748,0.00028937411647405285,0.0013870666276345955,0.0011000458785468512,0.02807290023555012,0.00019964523392738075,-0.0045152055768183765,0.004573737395113698,0.0047063826531987905,0.0037907398187282827,0.0011752214937837528,-0.00015718639131659864,-0.00026999339262620043,-0.00024275398341329037,0.0075263464117773715,-0.0005663781742027641,-0.0006297800220030218,-0.0009174528354510408,0.015427321112726962,-0.00018657953875491034,0.0006847553979172616,6.94935640135347e-05
-3.8391438411580076e-05,-0.0006299946117083367,-0.0013541197799814234,-0.001102187883583658,-0.00016759255984098102,-0.001021820054428541,0.00012536060508888322,-4.761052875362965e-05,0.0,0.0014371952248002752,0.000785042433750395,0.0,-0.0061860266154303845,-0.0009384434262676873,0.00036224448033019387,6.3321342482574e-05,0.0009715992696899073,0.0022563882234921916,1.1636745505318484e-05,-0.0014114638190939497,-0.0008259186839705904,-0.0003693247174917705,8.178845815940048e-05,0.00024051067793618745,4.770959921752841e-05,-4.0457198240129427e-05,0.0002693836266780034,0.00029300849831634027,0.009516435957330836,0.0007745854787970834,0.04918875109445317,0.00013321590641044941,-0.004396329937083737,0.002383443985195781,-0.011862586720691563,-0.001260625922196284,0.0010468818765942236,-0.0008380110264125692,-0.0003128994177306625,-0.00036586709254367793,-0.011543779912476697,-0.0008202225298561912,-0.0006569567767345857,-0.0012844870953105502,-0.0018086197446859425,-6.666303469816132e-05,0.0005917707867140149,7.239931555994082e-05
-3.4170752734536194e-05,-0.0034242956197777286,-0.0012994518178873734,0.00040774128675187435,-0.0002121837083666037,-0.002481005545134306,0.00011718960288395648,0.00011373632094756418,0.0,0.0013642146350024067,0.001595565497702987,0.0,-0.005717351832853351,-0.0026025705184710484,0.0009534038923966799,0.00021223660181119965,0.0023750530735370343,0.0018478457188082853,1.0403226388763125e-05,-0.002933705335949178,-0.0008576589542494477,-0.0017442831679562,-0.00021456707691125585,0.000548157676003417,3.903805576732254e-05,-4.0803204753162086e-05,0.0017749276721019324,0.0001167921577304186,-0.003445657007183952,0.0016266233430644555,0.04499773482783308,0.00010439918996544911,-0.003925575299982848,0.0004927178420733758,-0.010541158840556574,-0.0015374114533343519,0.001204780915224315,-0.0008156522731749841,-0.0002814741939310105,-0.0003754913825675038,0.007984106623791181,0.004269297887252757,-0.0006769847200594674,-0.0007770689448553534,-0.00188732453123187,-1.2476351698269685e-05,0.0004256119044240375,6.678311486701527e-05
-3.300292545217569e-05,-0.0020071696639124173,-0.0008784193132846976,0.0001990756279734413,-0.00033783888320890556,-0.0015678092056631582,0.00012039367308538766,5.680305053897391e-05,0.0,0.0008042794877582349,0.0009015401523661409,0.0,-0.0056782149750363164,-0.00154073125186291,0.000558829665502698,0.0005068849631073771,0.0013777273246187395,0.0010310225970719513,1.0845806711908641e-05,-0.0017913742763903703,-0.0007592442635919575,-0.0010373551525122173,-7.209698998934047e-05,0.00039517404089730294,3.6997452939279384e-05,-4.0467030903513015e-05,0.0009112094275153442,9.811596950242515e-05,-0.0016714111944874013,0.0008431424002047481,0.04718603213352359,0.00012687466306061273,0.004741771535843634,-0.006087669730218585,-0.01116530610440864,-0.0020262933941282923,0.0012973609499470741,-0.00047112088570713687,-0.00030961992052318233,-0.0003086487729057623,0.008305847416366948,0.0040853762022989735,-0.0006862235715256948,-0.0011590222388131275,-0.0013070660584986104,-0.0001705665883635064,0.0002086723637270138,6.852544873503132e-05
-4.025913703429272e-05,-0.0009116712421740923,-0.00151565117283681,-0.0010760420025307754,-0.0002646932582217055,-0.0008888911663444464,0.00011337713032950544,0.0001560898933382914,0.0,0.0012275146335752618,0.0006842310089160164,0.0,-0.004978800307578121,-0.001134311264606498,0.0002965780692967296,-0.0002653083209647782,0.0008705849697249557,0.0018458819836226336,9.173977966164527e-06,-0.0013097143669563085,-0.00037496039742310113,-0.0004915406392713549,-0.0001244309618505026,0.00037361337159516964,3.798223895300147e-05,-4.102427389800439e-05,0.0005757069712340083,0.000506797142576527,0.007867274658199898,0.0006437853814865174,0.028957388566587396,0.00019482222495869464,-0.005488347812892237,0.0027046046714559392,0.004998135323948931,0.003605149207605836,0.0007486784321250411,-0.00040209135482249185,-0.00027716196148323065,-0.00024639839619671015,0.008108512531124417,-0.0005450175073519827,-0.0009947431436613747,-0.0005475588944972428,-0.0015960561638090765,-0.00023307197414799635,-0.01048618632413832,6.960435404764394e-05
-3.8246337900112864e-05,-0.002285006566113017,-0.0011446408635296195,0.0003749196455289404,-0.0002917973102191764,-0.0016238637252322513,0.00012577604777998241,-1.7927948452624052e-05,0.0,0.0008443989917316582,0.0008830700823426484,0.0,-0.006053281315001463,-0.0016616237446360927,0.0005927780469165367,0.0004994041300397559,0.0015953362221950238,0.0012973791642049354,1.1744460774314484e-05,-0.0021057796820895,-0.0006309936823475925,-0.0009107865329543627,-1.804394658435639e-05,0.0005366659600490621,3.7333607288535936e-05,-3.888362581135757e-05,0.0007538815314153451,0.00043767103066371326,-0.0023500770487286785,0.0007758782109681312,0.02951106647244135,0.0002257263930546003,-0.005215291278870315,-0.0021099820075383717,0.022268862162224422,-0.001447783699164707,0.0012760953048340945,-0.00028676338123862096,-0.00029990108673172455,-0.000574965466241969,0.0065179925273490215,-0.0008455727273471921,0.011934008641146313,-0.0012113993290564192,-0.001866225596639835,-0.00014304025680028371,0.00038807271101520087,6.954379991518812e-05
-3.64076198252879e-05,-0.0016388737293445265,-0.0012552354344131963,-0.00014467789253428057,-0.0001755301383758503,-0.0014301971997769066,0.00012421910906574435,7.578802300413416e-05,0.0,0.0010091092263004385,0.0011683236009976284,0.0,-0.00614700328919332,-0.001386347815149675,0.000503816238595172,0.0002476836181398471,0.0013635347369572832,0.0015843026868960297,1.1301339892529723e-05,-0.0017367554230184293,-0.0009387817500747118,-0.0008240068604224546,-0.00015669962524438605,0.0002621096032753828,4.384659172199101e-05,-3.81519447246537e-05,0.0008747781006011435,5.056657895986527e-05,0.0035476802159902197,0.0010961113356482114,0.053815417347258455,9.675074953591262e-05,-0.004805108980667021,-0.0025721217185891336,-0.012277384175740652,-0.0015053433939211727,0.0012802304169913898,-0.000321303480025782,-0.000328467241549309,-0.000510353347619628,-0.011972447715195152,-0.000530523369128582,-0.0006846093497269476,-0.0009136480390923217,-0.002351568411838835,-0.00011446669001781553,0.0005189758925635489,6.962880993604432e-05
-3.069295022946252e-05,0.0025625811848114786,0.00020371457316625146,-0.001087445230597783,-0.00016475178828294986,0.0011177997108951412,8.435289623645158e-05,0.00020453156924187015,0.0,-0.00016858625005648033,-0.00018552628223685665,0.0,-0.003550597988473577,0.0016286178575974266,-0.00033744538983730373,0.00015416423181828262,-0.0013627885733413223,-0.0004646220203734788,7.300181749352725e-06,0.0017941856064949337,0.0006793391898047453,0.0006585783613434949,-0.0006909044870226137,-0.000825803402682718,3.8048770656785944e-05,-3.5384971357508383e-05,-0.0006690087849605661,-0.0003284762073692221,0.003841503959637289,0.0001919422120933784,0.04072532924585258,1.8952715289957765e-05,0.00421713268814147,-0.0015906355771913917,-0.008658756722666071,-0.0013521996140324225,0.0001590093254557858,-0.000883343506804131,-0.00015766492131707877,-0.0003780194405478537,-0.0077689664345962865,-0.0007842039880697924,-0.00042313702860419277,-5.242915106101877e-05,-0.0012793802073789169,-0.00017561804013614552,0.0006348340432127111,6.156220676235523e-05
-3.55801825448112e-05,-0.0019436981670230109,-0.001450130211770223,-4.3103719582366746e-05,-0.0001724909381902466,-0.0014124400535924114,0.00011972064482899773,0.00010201648500788689,0.0,0.0013635863219484785,0.000909727089624378,0.0,-0.006022406946835229,-0.0019688491850313006,0.000548989892189944,0.0003690678265273825,0.0017331381413849577,0.001838860374774193,1.0319347994014038e-05,-0.002267506493793909,-0.0005619549140253767,-0.000994463412708256,-0.0001855794951842482,0.0006956036052413792,3.568644068674496e-05,-4.238797671424297e-05,0.0011459467317857088,0.00047226120161902104,0.0022175358468201588,0.0015845339680368648,0.031098756030639673,0.00032097299745005977,-0.0049587721315444075,0.0007407446275630629,0.004982643741361145,0.0038594121631634936,0.0012494092933044009,-0.0005590749395798305,-0.00028653510363740864,-0.00027215569704512914,0.007541408509716817,-0.0006416195021719877,-0.0008330760151930411,-0.0008448789985964372,0.016055552303208917,-0.0002848903656645797,0.0005737532594098258,6.745754886470438e-05
-3.3173823443029965e-05,0.0006119438627620548,-0.0013153248806301947,-0.0011093024135356688,-0.0001975714942417815,-9.00441552990188e-05,9.09628923562427e-05,6.239134620247087e-05,0.0,0.0007121261602056607,0.00034398297851740106,0.0,-0.003994252999314427,0.0002191604348305589,0.0001507948140516375,-0.00012466399060533364,-0.00011972271819526783,0.0008783691717410944,8.595523344332627e-06,3.4991760034768924e-05,0.00016146063200111097,-7.007097849329056e-05,-0.00034162549400224435,-0.0002521434570480876,4.015028607707357e-05,-3.72861644378354e-05,-5.651467699155314e-05,3.208257378224136e-05,0.00559565183855128,0.00041661041051567005,0.04701256032386345,8.058849538926682e-05,-0.0036490783271154992,0.003367254754796749,-0.008136568877034171,-0.0013322558414374595,0.0005222503722893081,-0.00043026018344863705,-0.00015703330013677315,-0.0003665903005843915,-0.007039865496859803,-0.0008965887607467843,-0.00047639094907227377,-0.00010230042286541908,-0.0009550734482083085,-0.0001642471057079093,0.0007352833759405761,6.72249252429247e-05
-3.708909461291269e-05,-0.002482083496349985,-0.0009690150546025428,0.0010085883271300478,-0.0002864094636493527,-0.0018672248283936568,0.00011801104088078954,-3.92860437235815e-05,0.0,0.0007105692853453783,0.0011384162283488103,0.0,-0.005541907090785697,-0.0017677070022529065,0.0006065411269207467,0.00025140859136921537,0.0017917524874716578,0.000834844278627011,1.0815460522446251e-05,-0.002131544253798454,-0.0013586121653197858,-0.0011470949157073402,-0.00017367051003998142,0.00021202559586375923,3.6507675531195945e-05,-3.8950395648290766e-05,0.0012540379728653876,9.139659170949586e-05,-0.006995617375865408,0.0013888294472520085,0.05685247263567091,-3.720905113250977e-05,0.004877513872089812,-0.002547618785286001,-0.012784987656161779,-0.0017129506769011612,0.0012533116438671818,-0.0008285444949295388,-0.00032790713268796945,-0.0003890294267225541,-0.012893148996647168,-0.0007082514539179117,-0.000764019948532971,-0.0012115335568778603,-0.002862517360792327,-0.00015968558662535714,0.00024188234690555987,7.054034867041353e-05
-3.386111132968033e-05,-0.0024175179657122702,-0.001519668834928388,0.0005406686688072152,-0.00022984095502822155,-0.0016993882192640902,0.00011753011985946721,0.00023335423678419294,0.0,0.0008937326305302622,0.000991106148679067,0.0,-0.005526752256367062,-0.001913389258206606,0.0005011902401597767,0.0005921588971975389,0.0016557732444872006,0.0008974093428699198,1.0843609650744998e-05,-0.0022876066825174624,-0.00041374640561227965,-0.0010177280708470295,-0.0002551198416126003,0.0004584092622915451,4.410205610671765e-05,-3.8230577883123507e-05,0.0011756771364808472,0.000177261512053003,-0.0040102598179707506,0.0012213165824873037,0.041294849488615955,0.0002062417819937704,-0.00437524424633892,-0.0015309402992984271,0.005665883079252135,-0.0013127764679464133,0.0010150951777674053,-0.0002318821878139206,-0.00029230256053353434,0.0045342117262103885,0.0077402100705944565,-0.000901396819193569,-0.0005893206032849907,-0.0005148137201424176,-0.0021392316036252133,-0.00023155328326572084,0.0005282533503640052,6.518765496204049e-05
-3.6277300201380605e-05,-0.003185349409266487,-0.0014275703743516339,3.525901229346605e-05,-0.0002559852669044804,-0.0019463006078056758,0.00012249766947873032,0.00026532062295372326,0.0,0.0011720139098885239,0.0013501011179452443,0.0,-0.005461754231175786,-0.0025256813941189026,0.0009533688801369683,0.0009248648474513189,0.0020981401646685584,0.0013589063540502904,1.0348205638268109e-05,-0.0026121952066542314,-0.0009043369120836671,-0.0012745428753297905,-0.0002515101203915501,0.0005747879712222877,3.7747207859157705e-05,-4.3902415103119156e-05,0.0015362594081278266,0.000278046454585715,-0.005310564417704604,0.0013121612730446026,0.028091174591062897,0.00032374021295897477,0.0054080138620771386,0.001870768555166157,0.004891115150345044,-0.0014115816885272839,0.0008288970308465313,-0.0005767979595728326,-0.00030537788257004945,-0.0002598268624362005,0.007230688817589746,-0.0006466549130496449,-0.0011557566020516518,0.005322207541681492,-0.001887218598807897,-0.0001910102775472959,0.00041933580668050864,6.419068121555949e-05
-3.468076016253582e-05,-0.0015608322639047811,-0.0012374278245587337,-0.0002677289679388907,-0.00018534833526936777,-0.0015757753742635906,0.00012234496900818959,0.00013325221628548707,0.0,0.0011569590814311517,0.0013088227453585,0.0,-0.005614280864426474,-0.001275195961531131,0.0007491634817654271,0.00048141416601565234,0.0014039490915211473,0.0018582041455076713,1.1086452686362837e-05,-0.001770180850644963,-0.0008107892398701219,-0.0008519145754443651,-0.00031497598846940295,0.00014099460607716813,4.3177238009722754e-05,-3.7232967321323735e-05,0.0010982353982013783,3.5108199083666114e-05,0.004671023524118546,0.0012527416299194841,0.053424553746411814,7.023370547333705e-05,0.004420101978555495,-0.005952878287583449,-0.01224909158671304,-0.0017524280314362769,0.0010815759124492368,-0.0005288723031233112,-0.00032986368382289724,-0.0002091707572929985,-0.011758334584978915,-0.0007841833611215502,-0.0006925120935054129,-0.001379536464904079,-0.002020164495272975,-8.442895911703129e-05,0.000299687095066578,7.034147266065634e-05
-2.7190997331060906e-05,-0.0003584411210171766,-0.001340470783693173,-0.00040037805544423287,-0.0003875846952619448,-0.0002512555472425897,0.00012084137450451074,0.00019715674191932988,0.0,0.0012336503143476909,0.0006459405301018722,0.0,-0.005687371388944651,-0.0006918126229866452,0.00043039204001610093,0.0005966749729997617,0.000555097442342949,0.0014286138785564969,1.0107419517977625e-05,-0.0008716966769482037,0.0003518932558232772,-0.00029954574947431455,-0.00029564304164250596,0.00021871962616865168,4.877195479755349e-05,-4.5672398466824714e-05,0.0003597125793217035,0.0001716642876544699,0.00941165434411429,0.000543210005071895,0.025734692831760032,0.0005080001347872031,-0.005397476203306508,0.001283182287358466,0.004585539524021413,-0.0009245301830282636,0.0015837300366810588,-0.0002279086494830565,-0.0002634247354866842,-0.0007178756603679525,0.006501546817721222,-0.0006861100381173225,-0.0005184407556841499,-0.0012234337772034348,-0.0011251957974745014,0.011328267799026449,0.0006114392228188157,5.940088315129917e-05
-2.7858642083207312e-05,0.008300185844424776,0.002965140585677397,-0.00115911699331861,-9.032065889166108e-05,0.00474817960591118,5.5279236747709636e-05,0.0027431344913942885,0.0,-0.004940106677129023,-0.00036598822777628387,0.0,-0.0017891673767940447,0.005866855764876203,-0.002282645045333525,-0.0008285543668029373,-0.005103613500461402,-0.006467441964930478,3.91321198052337e-06,0.00786924828799017,0.0005905645914321281,0.002303601721854211,-0.003595321218063574,-0.003052131764183278,2.6245458026519968e-05,-3.3600349716098044e-05,-0.0008058859253482889,-0.003201470964190685,-0.003250678342606186,-0.0014486210001016999,0.03212927846259178,-0.00014216939373687382,-0.0029307938051346253,-0.0024278185883024454,-0.00645076714583619,-0.0010550196681023108,1.63353024891466e-05,-0.00014379163613589122,-9.955148469813144e-05,-0.00027710823940794006,0.0038487948342045414,0.0047824397755204424,-0.00038571134033403613,0.00017831028355055773,-0.0010965380948465579,-7.421444535346487e-05,0.00034908548507320405,5.910805549995693e-05
-3.545106774734434e-05,-0.0028932985906049134,-0.0011330545981561684,0.00020241930092854645,-0.00021839743743807407,-0.0019321495708857148,0.00012319546107537015,0.00029071161526176843,0.0,0.0009955186245693486,0.0011576675678026088,0.0,-0.006193298015058635,-0.002470173240308254,0.0009993670338861351,0.00043305755574567434,0.0021189478946759925,0.0013076623320350963,1.050416418122991e-05,-0.002721537589073931,-0.0015951618607566809,-0.0013357544141701838,-0.0003034161528520836,0.00034386152953587326,3.820666816912533e-05,-4.659082421961899e-05,0.0015909004525430526,0.00010323716169328973,-0.004209870909265339,0.0014332388980521239,0.0243689059815936,0.0003893133065646496,0.006008740402226256,0.004422209367579279,0.024369794986201097,0.0028162919268774583,0.0013115963671804427,0.015310249475820253,-0.0003315009438868399,-0.00023844135738707476,0.007927138175755742,-0.0007722575329804901,-0.0008742486807874345,0.00612535620662753,-0.0015796946215060061,-0.00019652474000629957,0.00041916142539999977,6.258665358622754e-05
-3.396872395183565e-05,-0.002233762430590155,-0.0014739374448512782,0.0002775187205967221,-0.00024027909236501514,-0.0015801946491909747,0.0001228927173511831,0.00014971284183204936,0.0,0.0010414377183556444,0.0010026279875087916,0.0,-0.006103430624185974,-0.001942065824959633,0.0005747862368533245,0.0004260342205195788,0.0017305716654044939,0.0011662839429237523,1.0586511111611242e-05,-0.002107006772933386,-0.00025365452241910545,-0.00115956572778898,-0.00021383759858862924,0.0006118894618218673,3.555238549846247e-05,-4.0530977310276536e-05,0.0011171072363140152,0.00024755971907273674,-0.0029854404827668298,0.001333942993889505,0.038201726151786256,0.00027789199005386696,-0.004463396583345805,-0.00294929800915846,0.0073252819960618444,-0.0013994864874182647,0.0007102096421006837,-0.0005569297592908614,-0.000282138696439838,-0.0002436822272162067,0.009726426884570274,-0.0006858540438649357,-0.0004889501890089313,-0.0006783924426783397,0.017395345271896994,-0.00012707690551355674,0.0003570815976282228,6.433779863997414e-05
-3.467742114510522e-05,-0.0018265652041175465,-0.0008589921803570894,-0.0008022798852569682,-0.00018587885546206536,-0.0016373690670012275,0.00012992223356184107,0.00024299511192968666,0.0,0.0009688242708480193,0.001246721881057968,0.0,-0.006100240163269682,-0.001503104277095089,0.0008291381054638387,-0.001209738267884204,0.0013561926978789898,0.0021798064643125848,1.140494776747438e-05,-0.0020855275352441895,-0.0016317127794838824,-0.0008583596360871528,6.716386881931397e-05,-1.0675992625927726e-05,4.390312764756318e-05,-4.0319044218757594e-05,0.0008904849368115594,7.862920200686154e-05,0.007058414222573588,0.0005189284466409623,0.03472966009536789,0.0004387668282945862,0.005253604657432787,-0.002441196603034562,-0.011293294280306785,-0.001001802562455565,0.0010914370146216717,0.03191564954533243,-0.0003402670644630931,-0.0002743318036954213,0.007855387503958372,-0.0005327373894014186,-0.0009889565624800604,-0.000970386267531587,-0.0016738459429948738,-6.941806151159023e-05,0.000661256302210333,-0.026250697619940574
-3.716942824762235e-05,-0.002726039101685086,-0.0013261970701964679,0.0004990317033574741,-0.00014981106735390435,-0.0022084049877129004,0.00012322918935812367,-0.00014173797328050623,0.0,0.0012924166403967543,0.0013960179880402777,0.0,-0.0056260144472818074,-0.002336730093500801,0.0006581543447426704,8.28729300518094e-05,0.002052918599819847,0.0018745268916010595,1.1243202044695184e-05,-0.0028787916452401364,-0.0009832310364137483,-0.001194270811602237,0.0001214181447678802,0.0003792502402156478,4.429902585977984e-05,-4.221754056640912e-05,0.0009682879575949141,0.00035428060700334765,-0.0005562252215803065,0.0013199681655187124,0.04721804297486136,0.00019524569412671051,0.0045896212678988345,0.0017582077840071406,0.004478740828698679,-0.0016064498430044248,0.0014656056757657765,-0.000607831186133139,-0.0003011610851229965,-0.0006932388989644157,-0.011727921192304258,-0.0007963329105627016,-0.00045300871638813536,-0.0006878637939699636,-0.0017161912404861685,-0.0002088221917096551,0.0005824169259175028,7.294806507342117e-05
-3.52912224996834e-05,-0.0005512649802315281,-0.0010596257355587988,-0.00044447288071980124,-0.00032283469148004865,-0.0008214367419799477,0.00012416678194524314,7.16190132403878e-05,0.0,0.0008291505666101198,0.0006469398391513279,0.0,-0.005954610532519361,-0.0006678489500626197,0.0003225946500967672,0.0001301295509126497,0.0006836177420134451,0.001195889682405173,1.1550602562902714e-05,-0.0008537246265489408,-0.0007431142963297377,-0.0003325467014484068,-9.795550059073682e-05,0.0001505638194943768,4.179996905789678e-05,-4.260029377934943e-05,0.0004033512871005304,0.00012152709146779992,0.0050381016680342595,0.0006981810268692604,0.04002040951720647,4.6511849097474036e-05,0.004559619474300864,0.0018477906202915841,-0.010686366043973008,-0.001491942290051917,0.0009078204907644416,-0.0003367284578724199,-0.0003028985329849126,-0.0004528692919527041,0.008087169921715272,0.0042439626816775725,-0.0005154786179919192,-0.0009668416834491142,-0.002081515180693716,-0.00020212345253392991,0.00026883723144464406,7.135515177382376e-05
-2.8945373089497503e-05,0.004515716358380929,0.0004501820345424985,-0.0012142595803808877,-0.0001877692794459876,0.0021111475310722962,7.06848159986854e-05,0.000725781652280481,0.0,-0.001769298865562195,-0.0007312705429551284,0.0,-0.002872610847562307,0.0031249840567147314,-0.0008839846009651257,-0.0004163586208811542,-0.002721677066824637,-0.002433679667520167,5.8980296433282636e-06,0.00388832224765676,0.0006421453849354123,0.0012426282728066826,-0.0012432132054212139,-0.0014065003447632325,3.14456269047891e-05,-3.384560547763229e-05,-0.0010043085761418053,-0.0008505246951638387,0.0017151395744962866,-0.0007739635656621616,0.04940529839834503,-3.6329685195654824e-05,-0.0034847066675035565,7.186361178321076e-05,-0.007392795217680226,-0.0010137839320642948,-3.685597158926106e-05,-0.00031919678589561594,-0.0001385253366176069,-0.0005362447304272847,-0.006573837769817701,-0.0006637685541932448,-0.00020350508549008288,0.00018216790579397854,-0.0012591312899903233,-9.848143017506176e-05,0.00028953654156644524,6.015234490970422e-05
-2.3760471732769007e-05,0.007508411240408407,0.0023140961123878324,-0.0010399631547319758,-0.00015520361549719634,0.003438476620784649,5.415200244869665e-05,0.0016486849497068198,0.0,-0.004327500373336119,0.00037491578904568683,0.0,-0.002046480220027169,0.0062196910021491345,-0.0009264866497585378,-0.0006051675320827096,-0.004787877311750433,-0.0059533662257509135,4.929513033019421e-06,0.008463269647797322,0.0003683327359052283,0.0035901837998686616,-0.0037341404357044026,-0.004339980599846008,2.2074574042939125e-05,-3.115177660641989e-05,-0.00025362642136909274,-0.003815129097729986,-0.002457720073604284,-0.0008105970757665121,0.03362049656704452,-4.461760653264863e-05,-0.0029523409529140566,0.003633625938236137,-0.006402724458227542,-0.0009297067566715883,-0.00037163020615177026,-9.141085698536749e-06,-9.276790647919946e-05,-0.0005582765536769448,0.003380578447270607,-0.0005799087056831735,-0.00031218853827503113,0.0002721925242247295,-0.0007803944253206034,-2.8781466846539028e-05,-0.006530314823209431,5.3441030653802785e-05
-3.072857853586575e-05,-0.0015638066537423329,-0.00133907114347544,-4.750323789505176e-05,-0.00015834495829092842,-0.0012530090396089336,0.00012211194807599558,0.00021905401815986732,0.0,0.0009151154658125529,0.0008729390994984688,0.0,-0.0057334156602049935,-0.0013851177111181487,0.0006626951748398205,0.0005793988633217665,0.0012275237320052102,0.0012598946106460104,1.0656549905338876e-05,-0.0016502875320944415,-0.00018365132484373035,-0.0009057367372862199,-0.00020515071376582878,0.0004313918310062935,3.777760307404005e-05,-4.1872605243428816e-05,0.000833441647622891,0.00022199943891739856,0.00278384504239632,0.0010071592345127522,0.032485926412114806,0.0002731256170219458,0.005069789795874138,-0.007113897983444789,0.023203182931486946,-0.0014018720617858652,0.00113705205804285,-0.0002210273552748521,-0.00030655965999552647,-0.0006196915235169426,0.00889871583034241,0.0038151767369272965,-0.0004915301928630596,-0.001096030077882646,-0.0012050089176687327,-4.399080969117361e-05,0.0004243408281332244,6.285929079071989e-05
-3.369942945031547e-05,-0.002414269656497002,-0.0011676141910040385,0.00014025531790933402,-0.0002356976961308318,-0.001582966014421871,0.00012155545922034813,0.00011945217815032074,0.0,0.0010757665573447354,0.0011346999441807079,0.0,-0.005731936919897707,-0.0019194991790417709,0.000672969333735689,0.0002618163479182976,0.0016695784745852003,0.0014253520703398504,1.1182652521265091e-05,-0.002258529998671356,-0.0006358784810822893,-0.0011725394703613965,-9.347380901763995e-05,0.00041807352961197654,3.966101992452457e-05,-4.101052840149635e-05,0.0010308950830240076,0.00012497073471603003,-0.00022432512898003256,0.0010895587399857361,0.04394226754556381,0.00019688674471731056,0.005874723778717732,-0.001191385461158641,-0.01104374357059708,-0.0018417967584064684,0.0015234978906209914,-0.0004760145941631513,-0.0002890674469915202,-0.00028086730119066867,0.007439185345284727,0.0038670498425410886,-0.0006906305206843577,-0.0002513604144074286,-0.002380273551799645,-0.0003968227385207157,0.000316728767298558,6.936185772319882e-05
-2.5165486800546658e-05,0.012131668349605808,0.005015199162386123,-0.0010200926837883565,-7.954279308667808e-05,0.008182525210704115,3.95548881666828e-05,0.007062318322253675,0.0,-0.00845996556361553,0.002104879376033081,0.0,-0.000999445732839427,0.007888168784558646,-0.0034847308892985984,-0.0010277633402569937,-0.006122810084053909,-0.012128288412643724,1.8355461504324276e-06,0.013872269101346965,-0.00047977844391710613,0.004244468294659871,-0.008331296398259698,-0.004922796049585492,1.7337137378683187e-05,-3.091654968194685e-05,0.0012001985411241218,-0.007988626734385074,-0.007188428550469555,-0.0014846346853025414,0.02621570320484812,-7.748373581546382e-05,0.002960867424500997,0.0002662305894712687,-0.004822246093186833,-0.0008286621322356756,-0.00022643766939251905,-0.00019658513215165086,-9.706837378370664e-05,-0.0004074504045010987,0.0033727552408044283,0.003864622264706099,-0.0002024466484508241,0.0006884491760594481,-0.0005696427121810451,-9.315196737215339e-05,0.0003170873984295271,5.4272169927936256e-05
-3.8254190166584455e-05,-0.001078696013776163,-0.0014597881264301338,-0.0014184904424952261,-0.00014991557009359034,-0.001129411948109589,0.0001283060476983157,-2.7457983118264177e-05,0.0,0.0015638661388953595,0.0010640701888729046,0.0,-0.005912603436800806,-0.0012457098424574209,0.0004897235191359646,0.0002300805733596805,0.0012836687003648494,0.002583453990874622,1.1842056620310734e-05,-0.0018938086023444621,-0.0007563532670255682,-0.0005065776429537241,3.713889747854053e-05,0.00018870646641000284,4.896974916768302e-05,-4.150523492469282e-05,0.0005039264799277153,0.0003404061503180432,0.009970115197145019,0.0008729206674028657,0.04654271086698311,0.00013875803184413158,0.004737459227525815,0.003373950158040753,-0.012171735857605554,-0.0013418405543832196,0.0011028308135891984,-0.0007488358529790771,-0.0003153396713990229,-0.00022845506523365953,-0.011128271986683988,-0.0005798366590743909,-0.0005184943716994094,-0.0015264091760669113,-0.001478481687681934,-0.00025383368605221246,0.0005523455582269214,7.40512696583211e-05
-3.7351678675479234e-05,-0.0018549198442968373,-0.00110334123073774,-2.932103856397284e-05,-0.00022906291968920886,-0.0014464633397597796,0.0001223880545791079,-5.828979132075178e-05,0.0,0.0011334851703626936,0.0010613365055219366,0.0,-0.00569659897118463,-0.0015688671296453553,0.0005099039235107488,5.530687011025576e-05,0.0015110808978261916,0.0016472406977376876,1.1514141136915426e-05,-0.001997870637023811,-0.0011312115370074398,-0.0007996909447946441,8.214633256808595e-05,0.0003181099508877021,4.3409544635644205e-05,-4.033301055200158e-05,0.0008411717968749616,0.00023171698276141375,0.0021747416340170294,0.0009255943356584531,0.05042305711109275,0.00010452409929704145,0.004515483518126195,0.0011787241042526164,-0.01284767847497853,-0.001686464270279947,0.001590248363744795,-0.0005507053924921222,-0.0003100304700235063,-0.00037989618498379576,-0.012799269902485701,-0.0008508058995697636,-0.0008227393552061936,-0.0010899221903103854,-0.0016621209073839481,-0.00031185058330194826,0.00047311104517650866,7.415392185224544e-05
-3.7190179633258234e-05,-0.0038038892016076875,-0.0014434031749051487,0.0008917841470645874,-0.0001707669890030999,-0.0027032964429079213,0.00011965449906391722,0.0002064794792697792,0.0,0.0013085071497585291,0.002163960767794229,0.0,-0.005508590354696974,-0.0026756046451135943,0.0011240356270297589,0.00037700962116655426,0.0027216118273203247,0.0018453973488229017,1.0743046315450568e-05,-0.0032911498121192795,-0.0012291488183846513,-0.0018348173923812923,-0.000579651672386437,0.0001886093769858972,3.913185239102948e-05,-3.794545806684406e-05,0.002240652658824607,-5.8198764974354844e-05,-0.005586342314868804,0.0018924954699573954,0.05598256911179096,1.8846507789859588e-05,0.004938130843638201,-0.00197476362663892,-0.010379946861878113,-0.001163743974742903,0.0015193301034638399,-0.0008901885500130199,-0.00032539731410007944,-0.00035993747874765286,-0.011163497104347254,-0.0008115624130784602,-0.0006601290937601091,-0.0007237050251575793,-0.0015162482408561113,-0.00032487850074302367,0.0004823992003092559,6.927173918718623e-05
-3.2062920650747714e-05,0.0009338843712917507,-0.0010521034690520767,-0.0013612880993317997,-0.0002762192638169868,0.0002851169276803119,9.141143733886609e-05,-0.00017839904822892946,0.0,0.0009380579768710076,-7.888674799102336e-05,0.0,-0.004010222143615606,0.00028693991205618795,5.395690060385186e-05,-0.00020815838085145842,-0.00016752718710832379,0.0011280708113484742,8.51068708576327e-06,8.806691415036854e-05,0.0003293903743551362,0.0002498200940965261,4.72333354809891e-05,-5.706480885029914e-06,3.848879510459993e-05,-3.7644247975429125e-05,-0.0005384148953113626,0.0003211707539101137,0.007263950161693583,0.00019069527684163523,0.04359120283689024,9.484737061802995e-05,0.004138161945677401,0.003367096241391114,-0.008710314555308933,-0.0013072965356997618,0.00021090475456014094,-0.0006154748788586828,-0.00016373283176645455,-0.0004568761582875796,-0.008559017871851902,-0.0011994845311690953,-0.0004961298118827607,-9.92771307680473e-05,-0.0012810053060773484,-4.280648846482256e-05,0.0008545417481132797,6.734324507473153e-05
-3.0460308815462734e-05,0.000944065689742798,-0.0014163333840987238,-0.0011825629958535974,-0.00011382170562770551,0.00023302031095365157,8.69080839195277e-05,-0.00018051744435859326,0.0,0.000685136149673735,-0.00016409545494617086,0.0,-0.0038070448795399564,0.00035991707719956897,-1.4197713355627253e-06,4.6782757620990114e-05,-0.0002991103890360749,0.0007458756452016363,8.024415653774667e-06,0.0002714715335216976,0.0005423240742253631,0.00025430622968712125,8.363891719425397e-05,-4.868846404523978e-05,4.009942693582072e-05,-3.588862246392457e-05,-0.0005441103859818075,0.00034770350192465493,0.0057357833690953805,-3.575868130712476e-05,0.045423675194976074,6.51812207993169e-05,0.004012621855405323,-0.0009564833939937513,-0.008676770660060642,-0.001336477077983767,0.00038771880935924087,-0.00038661780260551234,-0.00015245334370391641,-0.00044438514074176817,-0.007507102003364662,-0.0010668554215343832,-0.000352473513968879,-0.00012540075560686593,-0.001250412624082853,-2.5085595770485715e-05,0.0004957792712942679,6.397183577707851e-05
-4.147667696493065e-05,-0.002301968427078773,-0.0011678428210972458,0.0011399610584810127,-0.00023405034971195582,-0.001702397261046319,0.00012138589271107683,0.00017114780357128289,0.0,0.0007201483519959278,0.0011650008176221469,0.0,-0.006506986555045863,-0.001941982541156286,0.00034796998953988726,-0.0005658630363608351,0.0017096129260007655,0.0009764906834463689,1.0966939101373762e-05,-0.002108923216455456,-0.0016093230508881595,-0.0011349034592528728,-0.00014595657724656016,0.00036044680677366106,3.6963668196697726e-05,-3.5091029549087684e-05,0.0012059182782343716,0.00023282987654569813,-0.0036904435232316683,0.0010228198792631613,0.05361699782408452,-9.940783850975894e-06,-0.005220234044095004,0.001742773483438424,0.006012737911855803,-0.0009691057963460667,-0.01019731131584196,-0.0002228505503681734,-0.00032590209625652205,0.0025151711888386206,0.008768581532831181,-0.0007650374105187595,-0.0006946560959015534,-0.0010938866671190773,-0.0014639302708913927,-0.000198674319724904,0.0005527931759929525,6.788815808700873e-05
-3.653742969799128e-05,-0.0008593540232850987,-0.00139716386865779,-0.0007370495900350281,-6.88659112909768e-05,-0.000680261251896977,0.00011821794826155814,4.6846711811869774e-05,0.0,0.0012431643549685144,0.0005705713835960662,0.0,-0.005671167955818152,-0.001113987620958143,0.0003692709155988216,0.00029737105775428963,0.0009593601271848038,0.0019520353999895811,1.0888282676602959e-05,-0.001402727688988805,-0.0005017301659086073,-0.0004470208312969052,-2.073053851761176e-05,0.00047248148845222134,3.758365712017934e-05,-4.2471017290069205e-05,0.00038963168469029565,0.0004372660507501815,0.009496222671720612,0.0007861204761531397,0.023711602093071528,0.00040778899322303693,-0.0050932828105978364,0.004571803784810477,0.004535421664608433,0.004054881632072921,0.0010843630828839715,-0.000174307829264754,-0.00025396749093077424,-0.00018902387879176513,0.007232347037516378,-0.0005479485256864268,-0.0006024908283852433,-0.0006981626000974268,0.014219227834442625,-5.70719369272651e-05,0.00071520535012228,7.008928670349359e-05
-3.076886832885199e-05,0.0021851898799027793,0.00042371918259359104,-0.001048368011438519,-0.00021087581866244858,0.0010815601568419997,8.663395456749712e-05,6.356507841684839e-05,0.0,-4.022325157850771e-05,-0.00032435384471695675,0.0,-0.003792111592185871,0.001400969338207647,-0.00020415528593102145,3.9984518418116285e-05,-0.0012650453307555837,-0.00013808811125643744,7.755357744650279e-06,0.0015004452942754512,0.0004018031800060852,0.0005000376106042489,-0.00038689691000767405,-0.0005653731289507941,3.727097747929244e-05,-3.4094338343296335e-05,-0.0007547417104567998,9.042911373735589e-05,0.005317367215652877,-0.00026053228951192697,0.049894464765114395,-3.941856020794206e-05,-0.003717540069632511,-0.0022740164021534466,-0.009334131721803286,-0.0015301096952494183,0.000516835957741561,-0.00043113311154508507,-0.00017111397049199503,-0.0004188401780335264,-0.007779483197288863,-0.0008414131023495186,-0.0005627408268644187,-0.00022186036263705273,-0.0014043717200941574,-9.247578712049278e-05,0.0003681600155153022,6.325536634190682e-05
-3.174533044476933e-05,-0.0006513309505506298,-0.001344141622344064,-0.0008937936995704175,-9.76190106669e-05,-0.0005446680273269549,8.882636789195146e-05,-0.0003408859930483626,0.0,0.0015061255727811913,0.0003519967450260381,0.0,-0.00385566181391149,-0.0009043654566333192,0.0003723458669846459,-0.00014670949084734743,0.0008788481201942401,0.002021364651622271,8.469182952462522e-06,-0.00125887061132841,0.0003016763306458645,-0.0002667947605476386,0.0004126362451700274,0.0004864698322487637,3.815845410509071e-05,-3.480281117278477e-05,-9.685249461307096e-05,0.0006865478779221113,0.0064870067824550695,0.0006536808211091055,0.04737821642615933,2.3053874551767066e-05,-0.003713431371714244,-7.897837391507337e-05,-0.008854134507532314,-0.0012110385070372533,0.0007096081279470224,-0.0004005173354248024,-0.00015084042850357248,-0.0002523302241693034,-0.00813828822001872,-0.0010167294742495223,-0.0007134375623558471,-0.00018662818497425154,-0.0013626397560817804,-0.0001097801091110006,0.0007602507586441796,6.6971743251025e-05
